"","Species","subclass","GrowthForm_CTD","Abund_CTD","IUCNstatus","MeanPCcover","coralcover","Range","ReefArea_Range","family_molecules","family_morphology","larval","IUCN.conservation.status","Depth.lower","Depth.upper","Oocyte.size.at.maturity","Range.size","Colony.maximum.diameter","Corallite.width.maximum","Corallite.width.minimum","Growth.rate","Skeletal.density","Skeletal.micro.density","Tissue.thickness","Colony.area","Colony.fecundity","Colony.shape.factor","Polyp.fecundity","Polyps.per.area","Size.at.maturity","Age.at.maturity","Eggs.per.area","Generation.time"
"1","Acanthastrea echinata","Hexacorallia","massive","common","LC",0.065,129889.569949551,66201280,241312,"Lobophyllidae","Mussidae","spawner","Least Concern",43.3333333333333,8.33333333333333,443,64652312.74,201.721666666667,10.138,5.544,9.04977469927921,1.68099689166267,2.82647,2.3795,291.978548576818,10391.4769045188,6.16832567682588,25.5881059428572,43.545,31.1044077758,6.07,346.4,35.56
"2","Acropora abrolhosensis","Hexacorallia","branching_open","rare","VU",0.108,215816.516223869,28781078,172690,"Acroporidae","Acroporidae","spawner","Vulnerable",29.3333333333333,2,439.835,25535461.155,533.333333333333,1.5,0.9,56.8908891192181,1.54913717948718,2.82503,2.1365,357.656966973996,14782.1475304146,4.79076242056706,10.1264097428571,84.676,42.6443520291,6.2,340.1,35.26
"3","Acropora abrotanoides","Hexacorallia","branching_open","uncommon","LC",0.145,289753.656041306,68866820,234616,"Acroporidae","Acroporidae","spawner","Least Concern",20.5,0,661,63419684.165,323.356666666667,1.2,0.7,127.5,1.44810320512821,2.84077,2.726,377.413323677912,33668.1648687355,10.2679175002274,8.13179531428572,104.332,44.8622924162,6.28,329.6,34.78
"4","Acropora aculeus","Hexacorallia","corymbose","uncommon","VU",0.058,115901.462416522,52250659,207015,"Acroporidae","Acroporidae","spawner","Vulnerable",37.4,5.33333333333333,326.499,47171291.805,40,1,0.8,33.7370950813464,1.40366666666667,2.80578,1.031,342.245236942796,15482.9290499773,6.92574162485341,9.67014062857143,80.358,41.5136128138,6.06,345.7,35.56
"5","Acropora acuminata","Hexacorallia","branching_open","uncommon","VU",1.189,2375979.97953871,44734602,212939,"Acroporidae","Acroporidae",NA,"Vulnerable",22.5,5,312.687,42885297.475,133.333333333333,1.2,0.6,40.7629367117812,1.4066,2.80733,1.2,360.494567086007,16442.805421373,6.80258352859644,8.91877885714286,85.89,41.6698811736,6.06,345.7,35.56
"6","Acropora anthocercis","Hexacorallia","tables_or_plates","uncommon","VU",0.38,759354.408935836,52233252,216222,"Acroporidae","Acroporidae","spawner","Vulnerable",17.5,5,314.477,50575611,75,1.3,0.8,31.132920516129,1.46835,2.8041,1.319,362.344286599639,15334.9000852332,6.78847298505717,11.6529624,77.732,41.1940242587,6.06,345.7,35.56
"7","Acropora aspera","Hexacorallia","branching_open","uncommon","VU",0.342,683418.968042252,43897158,194457,"Acroporidae","Acroporidae","spawner","Vulnerable",9.33333333333333,0,312.239,41935916.085,117.668333333333,1.8,1,6.05105,0.92,2.788,1,396.870293426094,26408.5934550432,7.76834086546654,13.1567841714286,75.158,42.6377225357,6.04,340.1,35.41
"8","Acropora austera","Hexacorallia","branching_open","common","NT",0.258,515561.67764591,63714823,234077,"Acroporidae","Acroporidae",NA,"Near Threatened",24.75,3.75,545,60709970.61,328.88,1.5,0.6,62.9,1.44,2.85635,3.822,539.31888361375,43037.3667406216,10.0975509150562,8.21123531428571,105.037,46.1916857079,6.28,326.1,34.72
"9","Acropora awi","Hexacorallia","hispidose","uncommon","VU",0.05,99915.0538073468,8750797,95608,"Acroporidae","Acroporidae",NA,"Vulnerable",12.5,0,315.5855,9450503.282,150,1,0.7,35.1024604798972,1.39851666666667,2.80673,1.103,358.002839033059,16321.2128589913,6.80258352859644,9.29540974285714,85.845,40.7916461968,6.06,345.7,35.56
"10","Acropora carduus","Hexacorallia","hispidose","common","NT",0.165,329719.677564245,41615207,181180,"Acroporidae","Acroporidae","spawner","Near Threatened",36.25,4,320.639,37905091.42,103.936666666667,0.9,0.5,40.6527005451146,1.4352,2.80892,1.05,357.428756751854,15870.8823408637,7.93870745063773,8.85906974285714,83.559,41.8110671372,6.06,345.7,35.56
"11","Acropora caroliniana","Hexacorallia","tables_or_plates","uncommon","VU",0.059,117899.763492669,30227682,167504,"Acroporidae","Acroporidae",NA,"Vulnerable",35,10,310.114,32460333.615,50,1,0.6,40.2027612769986,1.3613,2.8056,1.07,378.211504406647,22224.9332385833,8.43569666261205,8.12857797142857,86.971,43.9397856568,6.06,345.7,35.56
"12","Acropora cerealis","Hexacorallia","corymbose","common","LC",0.188,375680.602315624,67291204,230455,"Acroporidae","Acroporidae","spawner","Least Concern",26.2,3,656,57556070.995,50,0.8,0.3,42.9,1.50061666666667,2.82122,1.564,392.479511333672,18105.3109885236,8.54474421532976,7.88457442857143,83.877,44.5840209106,6.21,332.4,34.99
"13","Acropora clathrata","Hexacorallia","tables_or_plates","common","LC",0.234,467602.451818383,64156802,237106,"Acroporidae","Acroporidae","spawner","Least Concern",27.25,3.5,397.6555,65281082.79,126.813333333333,0.9,0.5,32.6458409019742,1.48754166666667,2.82016,1.534,355.006778048834,14630.1066987381,9.01351234022555,8.29408151428571,86.846,37.9865306199,6.22,334.5,34.9
"14","Acropora cytherea","Hexacorallia","tables_or_plates","common","LC",0.921,1840435.29113133,85639274,238455,"Acroporidae","Acroporidae",NA,"Least Concern",30.0833333333333,13,543,74032698.81,300,1,0.7,59.725,1.40260935897436,2.85539,4.3255,554.064557833808,45967.9848977281,12.3318239554674,8.0095962,111.35,42.7272028912,6.28,326.1,34.72
"15","Acropora desalwii","Hexacorallia","corymbose","common","VU",0.073,145875.978558726,6820770,88805,"Acroporidae","Acroporidae",NA,"Vulnerable",32.5,10,304.233,7451118.973,30,0.8,0.6,33.7082946465638,1.4041,2.80658,1.018,358.53478932229,16619.3223972912,7.06301026464965,8.92024885714286,84.869,42.0658386403,6.06,345.7,35.56
"16","Acropora digitifera","Hexacorallia","digitate","uncommon","NT",0.552,1103062.19403311,61926579,235048,"Acroporidae","Acroporidae","spawner","Near Threatened",11.25,0.666666666666667,361.541833333333,58582318.435,100,1.6,0.6,37.6,1.52,2.81978,1.9,369.639313658849,17311.450941076,5.80372824635138,11.3277706285714,71.784,42.6780616514,6.12,340.1,35.32
"17","Acropora divaricata","Hexacorallia","tables_or_plates","common","NT",0.175,349702.688325714,54676058,207244,"Acroporidae","Acroporidae","spawner","Near Threatened",20,5.5,622,50358454.52,202.623333333333,1.1,0.7,41.5,1.47288269230769,2.82645,1.7355,344.47303363833,14283.4625786484,7.70214497471663,7.3661262,81.095,42.2165676869,6.22,338,35.14
"18","Acropora donei","Hexacorallia","branching_open","uncommon","VU",0.231,461607.548589942,36434302,183994,"Acroporidae","Acroporidae","spawner","Vulnerable",36.6666666666667,5,472.48,31618634.395,266.666666666667,1.4,0.8,66.5439578923472,1.49100833333333,2.82515,1.994,396.318014088288,21296.2876895056,6.40976501104341,9.5744562,79.519,46.3601606986,6.19,338,35.08
"19","Acropora echinata","Hexacorallia","hispidose","uncommon","VU",0.137,273767.24743213,43859552,186715,"Acroporidae","Acroporidae","spawner","Vulnerable",41.6666666666667,8,315.419,33402937.59,150,1,0.5,46.3135609074334,1.4014,2.80701,1.046,380.733420991138,18323.794758418,7.93870745063773,8.56926797142857,86.632,43.1090298367,6.09,342.2,35.44
"20","Acropora elseyi","Hexacorallia","hispidose","common","LC",0.602,1202977.24784046,59213949,201652,"Acroporidae","Acroporidae","spawner","Least Concern",24.5,2.5,314.7335,50730321.805,50,0.9,0.6,0.37,1.58999771166587,2.80652,1.284,304.083531079773,13709.6412472078,6.69841283417515,13.9566515142857,65.469,37.5398487981,6.02,349.2,35.77
"21","Acropora fastigata","Hexacorallia","branching_closed","rare","DD",0.093,185842.000081665,6485575,103898,"Acroporidae","Acroporidae",NA,"Data Deficient",20,2,338.015,8012282.214,54.23,17.293,12.202,4.67296571428572,1.681625,2.81806,1.8775,303.016621534389,14860.6889879808,5.978971689819,25.7736624,45.689,34.3600235771,5.89,356.9,36.1
"22","Acropora florida","Hexacorallia","branching_open","common","NT",0.354,707398.580956016,54016640,206863,"Acroporidae","Acroporidae","spawner","Near Threatened",31.5,3,360.2635,50346268.88,1500,1.4,0.7,38.2995448657458,1.52076666666667,2.82554,1.8055,330.68276286733,15050.38884496,4.13264030866439,10.1735486,124.986,40.1470028942,6.1,345.7,35.53
"23","Acropora gemmifera","Hexacorallia","digitate","common","LC",0.329,657441.054052342,64927893,235446,"Acroporidae","Acroporidae","spawner","Least Concern",16,1,404.71,59611099.49,356.473333333333,1.6,1,24,1.47,2.8337,1.9,483.947064753186,30705.1058064516,6.81773413483573,6.448,126,59.42921586,6.25,328.2,34.9
"24","Acropora glauca","Hexacorallia","tables_or_plates","rare","NT",0.123,245791.032366073,51870887,167754,"Acroporidae","Acroporidae","spawner","Near Threatened",20,5,308.105,36147467.51,130.96,1.3,0.9,32.4537666788974,1.46,2.824,1.421,376.437903607431,19199.5068698444,6.84055833226782,9.71946151428571,79.692,44.0463454196,6.06,345.7,35.56
"25","Acropora globiceps","Hexacorallia","digitate","common","VU",0.264,527551.484102791,33172090,131898,"Acroporidae","Acroporidae",NA,"Vulnerable",14,0,448.366666666667,32105343.37,263.526666666667,2.1,1.2,39.3180918132305,1.50955153846154,2.82231,1.9345,373.866649646792,18482.4485380281,6.32458171845781,8.23654885714286,68.783,46.4987444696,6.22,338,35.14
"26","Acropora gomezi","Hexacorallia","branching_open","uncommon","DD",0.323,645451.247595461,5187612,69591,"Acroporidae","Acroporidae",NA,"Data Deficient",NA,NA,357.1,6072023.988,311.923333333333,13.3616666666667,8.43,0.08375,1.674175,2.82197,1.769,314.10565175511,15241.1479690332,5.92688634260836,24.8992941714286,42.943,34.9360078941,5.93,356.9,36.07
"27","Acropora grandis","Hexacorallia","branching_open","common","LC",0.71,1418793.76406433,54541622,223434,"Acroporidae","Acroporidae","spawner","Least Concern",23.5,5,283.1505,51130568.88,450,1.7,0.8,52.9513963528428,1.49365,2.8156,1.6365,390.123499942762,19698.0814317663,4.49723773913889,9.75140151428571,84.899,45.3157297612,6.1,342.2,35.35
"28","Acropora granulosa","Hexacorallia","tables_or_plates","common","NT",0.085,169855.59147249,59858906,201522,"Acroporidae","Acroporidae","spawner","Near Threatened",47,20,342.389,52677407.315,75,0.9,0.4,7.16,1.3887,2.81943,1.7265,359.136345896438,13971.7908238318,8.19913418669095,13.4305024,76.213,38.3995179041,6.06,345.7,35.56
"29","Acropora hoeksemai","Hexacorallia","branching_open","common","VU",0.46,919218.495027591,5304729,70086,"Acroporidae","Acroporidae",NA,"Vulnerable",21,8,525.785,7973226.1195,333.333333333333,1.1,0.6,69.3588225078433,1.46545769230769,2.82933,2.5075,337.95701397226,16368.8667481848,7.25724110995296,7.35174442857143,85.427,42.7601552434,6.22,338,35.14
"30","Acropora horrida","Hexacorallia","branching_closed","uncommon","VU",0.35,699405.376651428,65331074,237043,"Acroporidae","Acroporidae","spawner","Vulnerable",26.75,6.5,552.686666666667,63786566.725,200,1.5,0.6,62.2440393367568,0.86,2.873,3.905,553.629569548417,49283.9882213386,12.3649219008424,8.4783462,98.229,42.9495776338,6.28,326.1,34.72
"31","Acropora humilis","Hexacorallia","digitate","common","NT",0.112,223809.720528457,77373648,236957,"Acroporidae","Acroporidae","spawner","Near Threatened",12.8,1.5,507,68708933.785,399.586666666667,1.8,1,20.2166666666667,1.44538461538462,2.85192,4.3485,525.685165601017,42007.2134733723,10.7556730269589,7.78321417142857,100.783,41.868253231,6.28,326.1,34.72
"32","Acropora hyacinthus","Hexacorallia","tables_or_plates","common","NT",0.989,1976319.76430932,94163310,225544,"Acroporidae","Acroporidae","spawner","Near Threatened",20,2.5,484,77111234.445,300,1.1,0.4,80.6333333333333,1.28,2.85196,4.4165,1356.84664290985,92932.0315045564,20.5445981144597,5.576,112,43.231949561,6.28,326.1,34.72
"33","Acropora insignis","Hexacorallia","branching_closed","uncommon","DD",0.318,635459.742214726,29747713,137056,"Acroporidae","Acroporidae",NA,"Data Deficient",30,0.5,346.84,27863810.025,69.56,37.6445833333333,22.182,4.33046642857143,1.668425,2.81797,1.8455,310.524466296388,15241.1479690332,5.978971689819,26.1872324,31.261,34.1328524981,5.85,359,36.25
"34","Acropora intermedia","Hexacorallia","branching_open","common","LC",1.014,2026277.29121299,61823609,234438,"Acroporidae","Acroporidae","spawner","Least Concern",18.75,2,420,59433259.805,500,1.5,0.8,33.1500308047395,1.6468362699952,2.83344,2.228,300.786542657439,13583.7058142197,6.51881256376112,7.78679125714285,94.947,39.6631657998,6.23,337.3,35.14
"35","Acropora kimbeensis","Hexacorallia","branching_closed","uncommon","VU",0.206,411650.021686269,9454066,129998,"Acroporidae","Acroporidae",NA,"Vulnerable",31.6666666666667,3,314.135,8672469.485,96.3133333333333,0.6,0.4,21.2049183494624,1.3671,2.80617,1.144,379.963343719143,22071.3374099209,9.67599127907462,8.87654974285714,85.89,43.8278243761,6.07,344.3,35.29
"36","Acropora latistella","Hexacorallia","corymbose","common","LC",0.193,385672.107696359,78328750,236156,"Acroporidae","Acroporidae","spawner","Least Concern",32.6666666666667,3,350.7685,69646643.575,199.616666666667,0.9,0.6,22.0317588616176,1.57111666666667,2.81521,1.403,321.507552850619,17151.6284332316,7.40374343499203,8.4752824,99.037,37.8046210228,6.19,342.2,35.41
"37","Acropora listeri","Hexacorallia","branching_closed","uncommon","VU",0.036,71938.8387412897,52117510,220974,"Acroporidae","Acroporidae","spawner","Vulnerable",16.25,3,302.4775,45683293.43,50,1,0.6,34.9049675652174,1.42155,2.80876,1.085,333.321698412737,14189.9909422565,6.80258352859644,8.77911974285714,80.904,41.2010500354,6.06,345.7,35.56
"38","Acropora longicyathus","Hexacorallia","hispidose","common","LC",0.475,949193.011169795,59392442,212034,"Acroporidae","Acroporidae","spawner","Least Concern",16.5,6.66666666666667,316.1445,52342999.275,194.2,1.3,0.5,58.2992350568562,1.27,2.781,1.3975,417.648943409813,25130.235385677,9.7991493753316,7.69485974285714,96.773,43.8586086433,6.19,333.8,35.14
"39","Acropora loripes","Hexacorallia","corymbose","common","NT",0.077,153869.182863314,59355528,203101,"Acroporidae","Acroporidae","spawner","Near Threatened",26,2.5,324.0745,50707825.255,45,1.2,0.5,39.6598672117812,1.39206666666667,2.81798,1.6035,331.441344960226,14189.6238570723,7.93870745063773,8.33401974285715,85.452,41.1182487631,6.06,345.7,35.56
"40","Acropora lutkeni","Hexacorallia","branching_open","uncommon","NT",0.12,239796.129137632,41709218,188468,"Acroporidae","Acroporidae","spawner","Near Threatened",19,3,447.335,39648995.845,600,1.2,0.6,34.1458738455675,1.53233333333333,2.82626,1.9655,327.026540140137,14725.8742913662,5.87480099539771,9.0238162,77.999,43.7760574127,6.22,338,35.14
"41","Acropora microclados","Hexacorallia","corymbose","uncommon","VU",0.125,249787.634518367,35292635,199104,"Acroporidae","Acroporidae","spawner","Vulnerable",31.6666666666667,5,403.895,36875455.755,100,1.2,0.6,44.8167696956522,1.441425,2.81422,1.364,374.363871188222,18337.7410048318,6.99193751560332,8.70056442857143,77.083,45.4777110359,6.18,338,35.17
"42","Acropora microphthalma","Hexacorallia","branching_open","common","LC",0.49,979167.527311999,75839181,233032,"Acroporidae","Acroporidae","spawner","Least Concern",21.5,6,356.609,68520582.525,200,1,0.6,29.8983937418851,1.54692333333333,2.82187,1.4785,306.245343129866,15721.7835544061,8.11395089410535,7.48373328571429,104.052,37.5742014262,6.21,340.1,35.29
"43","Acropora millepora","Hexacorallia","corymbose","common","NT",0.21,419643.225990857,47574287,202413,"Acroporidae","Acroporidae","spawner","Near Threatened",21,2,477.727,43075011.285,276.9,1.6,0.4,71.1862413495378,1.382165,2.8244,2.1575,464.589042701296,18509.1410498606,10.0074907641742,5.139,87,45.3106195,6.23,333.1,34.93
"44","Acropora monticulosa","Hexacorallia","digitate","uncommon","NT",0.291,581505.613158759,52428663,207507,"Acroporidae","Acroporidae","spawner","Near Threatened",13,1,452,48278557.13,300,1.2,0.6,33.9371205184377,1.51221153846154,2.83072,2.5395,311.043043875513,9667.07516926464,7.30444959886718,8.26388885714286,71.16,41.2381935425,6.22,337.3,35.14
"45","Acropora muricata","Hexacorallia",NA,NA,NA,1.495,2987460.10883967,75243817,235930,NA,"Acroporidae",NA,NA,20,4.33333333333333,389,68873888.78,625,1.2,0.8,74.47375,1.7125,2.854,2.679,416.463163735112,37031.3661988953,10.0216013077134,8.37525859999999,144.807,37.2618025019,6.26,328.2,34.84
"46","Acropora nana","Hexacorallia","branching_closed","uncommon","NT",0.358,715391.785260603,51031596,190737,"Acroporidae","Acroporidae","spawner","Near Threatened",12.5,1,568,45866084.525,15,1,0.5,43.6105084382061,1.53420293666187,2.82671,2.3135,99.9339431303176,894.151976454054,9.93154115683141,4.461,50,39.30972449,6.19,336.6,35.02
"47","Acropora nasuta","Hexacorallia","corymbose","common","NT",0.225,449617.742133061,68015810,241157,"Acroporidae","Acroporidae","spawner","Near Threatened",22.3333333333333,1.5,646,65507245.46,80,1.1,0.5,41.9,1.4,2.8264,2.4345,319.330338196349,11170.9269568051,8.9614269930149,7.77256062857143,75.449,37.9309452539,6.22,334.5,34.9
"48","Acropora palmerae","Hexacorallia","encrusting","uncommon","VU",0.477,953189.613322089,38646918,194910,"Acroporidae","Acroporidae","spawner","Vulnerable",13.3333333333333,1,305.8035,36203677.055,180,1.3,0.9,36.5475079436653,1.42676666666667,2.81259,1.424,368.337775800104,18046.3118362739,6.5801315962146,9.73592151428571,80.873,42.3296329312,6.06,345.7,35.56
"49","Acropora paniculata","Hexacorallia","tables_or_plates","uncommon","VU",0.208,415646.623838563,51278155,176835,"Acroporidae","Acroporidae",NA,"Vulnerable",39.6666666666667,10,321.72,42672046.7,103,0.8,0.4,22.9038074146798,1.3905,2.80639,1.174,355.506370065391,16178.700950374,8.19913418669095,9.23525062857143,84.669,41.6715054324,6.06,345.7,35.56
"50","Acropora papillare","Hexacorallia","branching_open","uncommon","VU",0.122,243792.731289926,8196998,85887,"Acroporidae","Acroporidae",NA,"Vulnerable",14,1,483.08,12420231.695,285.556666666667,1.6,0.8,50.7615536465638,1.45773717948718,2.82363,1.944,423.730784144941,20458.9925073453,6.37666706566845,7.9841562,77.652,47.4007497024,6.19,338,35.08
"51","Acropora plumosa","Hexacorallia","tables_or_plates","uncommon","VU",0.102,203826.709766988,6676481,87501,"Acroporidae","Acroporidae",NA,"Vulnerable",24.5,10,475.622,7404993.9145,257.403333333333,1.2,0.6,46.1136887959866,1.44435,2.82699,2.2195,359.691628844503,12740.7693662663,7.75423032192727,7.31004442857143,83.504,42.1354024389,6.22,338,35.14
"52","Acropora polystoma","Hexacorallia","corymbose","uncommon","VU",0.065,129889.569949551,45586022,208524,"Acroporidae","Acroporidae","spawner","Vulnerable",10.8333333333333,4,296.4785,42675910.29,80,1.5,0.8,37.2600869425505,1.49013333333333,2.80984,1.479,362.15070637912,16489.4630811128,5.978971689819,11.6534324,78.867,41.4340600591,6.06,345.7,35.56
"53","Acropora pulchra","Hexacorallia","branching_open","uncommon","LC",0.294,587500.516387199,65059343,215209,"Acroporidae","Acroporidae","spawner","Least Concern",11.3333333333333,1.5,575,58241790.66,500,1.2,0.6,101.02,1.9,2.841,3.3025,410.317831309545,37148.2263993842,9.55771004111407,8.51886328571428,127.131,41.990488806,6.26,328.2,34.84
"54","Acropora retusa","Hexacorallia","digitate","uncommon","VU",0.433,865264.365971624,35198525,140741,"Acroporidae","Acroporidae","spawner","Vulnerable",16.75,1,325.1755,31241854.77,77.6233333333333,0.9,0.7,35.4574715451146,1.4127,2.80644,1.075,333.963217225884,16062.732662302,6.80258352859644,9.24357974285714,81.274,40.7916461968,6.06,345.7,35.56
"55","Acropora robusta","Hexacorallia","branching_open","common","LC",0.343,685417.269118399,72559082,235149,"Acroporidae","Acroporidae","spawner","Least Concern",8.83333333333333,0.5,482.87,66222208.745,273.943333333333,1.5,0.5,22.4,1.5176190324335,2.83164,2.1665,338.770798069113,14839.9880634907,10.9732481010443,5.1472424,88.174,39.5584887838,6.26,333.8,34.87
"56","Acropora samoensis","Hexacorallia","digitate","common","LC",0.082,163860.688244049,64870968,235425,"Acroporidae","Acroporidae","spawner","Least Concern",15,5,314.72,59954090.37,100,1.8,0.8,44.8113419436653,1.48788333333333,2.80749,1.42,387.582536121996,19154.298414044,5.978971689819,10.1359115142857,76.605,44.6309680066,6.09,343.6,35.32
"57","Acropora sarmentosa","Hexacorallia","corymbose","common","LC",0.066,131887.871025698,40638778,189782,"Acroporidae","Acroporidae","spawner","Least Concern",20.6666666666667,3,318.259,41155623.595,30,2,1,11.9888896827957,1.33683333333333,2.7984,1.145,369.315392976703,21926.1638850196,7.76834086546654,9.39894682857143,73.522,41.8653514069,6.06,345.7,35.56
"58","Acropora secale","Hexacorallia","branching_closed","common","NT",0.208,415646.623838563,63620467,222626,"Acroporidae","Acroporidae","spawner","Near Threatened",25,2,424.5225,59607476.66,100,1.2,0.3,50.1133446304348,1.4447,2.81848,1.5785,408.192910437008,18278.9533878018,8.28431747927654,7.85388531428572,85.369,45.0329850817,6.16,332.4,34.99
"59","Acropora selago","Hexacorallia","corymbose","uncommon","NT",0.123,245791.032366073,57912057,220450,"Acroporidae","Acroporidae","spawner","Near Threatened",35,5,338.872,49536611.545,75,0.9,0.5,18.170358516129,1.4841,2.81266,1.303,325.237499652429,13930.8126567091,8.19913418669095,8.93909505714286,76.594,39.1378562481,6.06,345.7,35.56
"60","Acropora solitaryensis","Hexacorallia","tables_or_plates","rare","VU",0.26,519558.279798204,35340947,183612,"Acroporidae","Acroporidae","spawner","Vulnerable",35,5,359.507,36378566.24,204,1.1,0.5,16.7,1.45,2.832,1.805,344.04142230723,14976.9951662525,10.3151259891416,5.61951771428572,83.726,39.3066426358,6.16,343.6,35.26
"61","Acropora speciosa","Hexacorallia","corymbose","uncommon","VU",0.097,193835.204386253,32064832,132262,"Acroporidae","Acroporidae",NA,"Vulnerable",51.6666666666667,12,306.4955,29677581.905,50,0.8,0.3,24.6879395813464,1.3602,2.80346,1.102,379.963343719143,22071.3374099209,9.67599127907462,8.46297974285714,86.927,43.9414099156,6.07,344.3,35.29
"62","Acropora spicifera","Hexacorallia","tables_or_plates","uncommon","VU",0.227,453614.344285355,31530738,155229,"Acroporidae","Acroporidae","spawner","Vulnerable",11,2,446,31914481.535,334.296666666667,1.1,0.5,111,1.45491591679407,2.83304,2.5135,367.256082403199,26127.857336878,10.0313550243063,6.38927442857143,94.256,46.1252561626,6.23,332.4,34.93
"63","Acropora striata","Hexacorallia","branching_closed","rare","VU",0.184,367687.398011036,25344371,119908,"Acroporidae","Acroporidae","spawner","Vulnerable",29.55,10,384.2835,21254273.08,184.625,1.1,0.8,38.3779599437407,1.45345,2.81835,1.579,366.545875502431,18790.5407408209,6.85466887580708,9.80979974285714,80.873,43.0468032118,6.1,341.5,35.17
"64","Acropora subglabra","Hexacorallia","hispidose","uncommon","LC",0.306,611480.129300963,36383381,189616,"Acroporidae","Acroporidae",NA,"Least Concern",32.5,5,306.5935,34766280.265,136.54,0.8,0.3,38.6725467608696,1.4155,2.80328,0.982000000000001,390.109930906559,18554.5019775044,7.93870745063773,8.88969885714286,87.047,43.8262001173,6.06,342.2,35.38
"65","Acropora subulata","Hexacorallia","tables_or_plates","common","LC",0.283,565519.204549583,53940059,220366,"Acroporidae","Acroporidae","spawner","Least Concern",27.5,5,524.67,47566277.96,250,1.2,0.8,41.027860116539,1.4758282051282,2.82773,2.185,306.386558531413,12411.4290056483,7.61696168213104,7.17394797142857,79.614,41.2346865369,6.22,338,35.14
"66","Acropora suharsonoi","Hexacorallia","corymbose","uncommon","EN",0.04,79932.0430458775,567434,9046,"Acroporidae","Acroporidae",NA,"Endangered",25,15,308.018,416089.761915,55.96,0.8,0.6,31.8328404798972,1.4072,2.80672,1,358.53478932229,16619.3223972912,7.06301026464965,8.90909885714286,83.534,42.0658386403,6.06,345.7,35.56
"67","Acropora tenuis","Hexacorallia","corymbose","uncommon","NT",0.219,437627.935676179,65335974,239811,"Acroporidae","Acroporidae","spawner","Near Threatened",18.3333333333333,4.5,408.3835,62753683.875,281.096666666667,1.2,0.8,32.4100704671916,1.5398560449992,2.81626,1.347,346.959337930397,15464.466671332,7.16718095907094,8.29811885714285,82.497,43.411580128,6.25,335.9,35.02
"68","Acropora tortuosa","Hexacorallia","branching_closed","uncommon","LC",0.117,233801.225909192,23381383,101322,"Acroporidae","Acroporidae","spawner","Least Concern",31,1,308.0035,22730585.965,92.05,1.3,1,37.9948126465638,1.39166666666667,2.80575,1.365,362.549854599422,16069.3938952469,6.5801315962146,11.6514924,77.73,41.4715998495,6.06,345.7,35.56
"69","Acropora valenciennesi","Hexacorallia","branching_open","common","LC",0.542,1083079.18327164,60816206,232515,"Acroporidae","Acroporidae","spawner","Least Concern",38.3333333333333,5,392.0385,50367297.94,333.333333333333,1.5,0.8,179.333333333333,1.51404166666667,2.8247,1.726,411.900858325119,28424.1521108273,5.15048299274514,9.83137151428571,91.17,44.5510803239,6.19,334.5,35.02
"70","Acropora valida","Hexacorallia","corymbose","common","LC",0.548,1095068.98972852,95367652,245545,"Acroporidae","Acroporidae","spawner","Least Concern",32,1.66666666666667,493,81572516.925,50,0.9,0.5,34.3,1.5,2.824,1.653,422.237618195826,23553.9493980684,10.7318087668267,10.8930844285714,107.732,44.4772404841,6.22,331,34.84
"71","Acropora verweyi","Hexacorallia","corymbose","common","VU",0.054,107908.258111935,52762515,206250,"Acroporidae","Acroporidae",NA,"Vulnerable",22,2,308.362,46507145.675,124.933333333333,1.1,0.8,39.3593965077678,1.40635,2.80586,1.192,369.975659913593,17445.8816077934,6.6653148888002,9.31761062857143,82.835,42.242023557,6.06,345.7,35.56
"72","Acropora yongei","Hexacorallia","branching_closed","common","LC",0.324,647449.548671608,41920954,187258,"Acroporidae","Acroporidae","spawner","Least Concern",20.5,5,398.1385,38125026.395,200,1.2,0.8,49.4,1.4786,2.8258,1.68,377.96617201602,19469.1092601732,6.85466887580708,10.2316988571429,83.575,43.3827517284,6.19,341.5,35.14
"73","Alveopora allingi","Hexacorallia","columnar","uncommon","VU",0.01,19983.0107614694,55897220,226664,"Acroporidae","Poritidae",NA,"Vulnerable",35,5,330.11,53760683.39,112.138333333333,3.7,2.4,8.14590342857143,1.5058,2.8153,1.76,342.741473331273,15700.8464965098,5.92688634260836,20.8712932857143,46.563,38.5253016282,6.09,343.6,35.32
"74","Alveopora gigas","Hexacorallia","columnar","uncommon","VU",0.083,165858.989320196,4580064,63022,"Acroporidae","Poritidae","spawner","Vulnerable",30,3,331.975,7189811.7295,86.5666666666667,6.6,2,5.15969144470047,1.51675,2.81497,1.742,343.1894119239,16515.5876165985,5.92688634260836,21.7810315142857,41.052,38.1521364837,6.04,347.1,35.65
"75","Alveopora marionensis","Hexacorallia","submassive","rare","VU",0.01,19983.0107614694,25531391,164312,"Acroporidae","Poritidae",NA,"Vulnerable",30,1,376.975,21083093.88,270.321666666667,3.4,2,35.6983590544178,1.57407426948558,2.82539,1.8585,337.413226215137,15271.7280546973,5.90789894077267,10.3718041714286,63.872,41.4526259299,6.17,343.6,35.26
"76","Alveopora spongiosa","Hexacorallia","columnar","uncommon","NT",0.016,31972.817218351,67077726,235335,"Acroporidae","Poritidae",NA,"Near Threatened",35,3,305.675,60155295.4,150,1.5,0.7,33.9334141744345,1.48296666666667,2.80937,1.496,367.803309120428,17633.4893902825,6.37666706566845,8.8567924,84.621,41.4212071032,6.09,343.6,35.32
"77","Anacropora forbesi","Hexacorallia","branching_closed","uncommon","LC",0.307,613478.43037711,50771041,191909,"Acroporidae","Acroporidae",NA,"Least Concern",25,2,318.205,35996700.2,89.5,0.5,0.2,37.8437967769986,1.3843,2.81096,1.5085,384.583026458337,18432.5423299385,7.93870745063773,8.82230885714286,85.877,42.6254629958,6.06,345.7,35.56
"78","Anacropora matthai","Hexacorallia","branching_closed","rare","VU",0.068,135884.473177992,8850646,124834,"Acroporidae","Acroporidae",NA,"Vulnerable",20,8,320.296,10186516.256,110.91,0.6,0.5,37.5016242480131,1.423625,2.80609,0.953000000000001,356.654435869778,15505.3704833501,7.93870745063773,9.20865974285714,82.774,41.0938968566,6.06,345.7,35.56
"79","Anacropora puertogalerae","Hexacorallia","branching_closed","uncommon","VU",0.023,45960.9247513795,29839437,163179,"Acroporidae","Acroporidae","spawner","Vulnerable",20,5,327.526,23342297.4,123.996666666667,0.8,0.5,35.3779570813465,1.423625,2.80609,0.983000000000001,358.807793854014,15505.3704833501,7.93870745063773,9.20865974285714,82.774,41.0938968566,6.06,345.7,35.56
"80","Astreopora cucullata","Hexacorallia","massive","rare","VU",0.054,107908.258111935,38349581,188051,"Acroporidae","Acroporidae",NA,"Vulnerable",15,5,415.765,35291471.735,246.073333333333,2.3,1.8,42.1368349308088,1.48573717948718,2.82173,1.9215,416.617203599823,20054.2252799308,6.27249637124717,9.92145797142857,69.464,47.9343861271,6.19,338,35.08
"81","Astreopora gracilis","Hexacorallia","massive","uncommon","LC",0.058,115901.462416522,41296181,201952,"Acroporidae","Acroporidae","spawner","Least Concern",15,5,707,40975475.605,299.433333333333,1.6,1.4,70.3262077843204,1.40207809628125,2.83705,2.2855,403.390843199909,26175.510509997,9.84200103729941,7.65323885714285,100.082,46.8129432723,6.23,328.9,34.87
"82","Astreopora listeri","Hexacorallia","massive","common","LC",0.047,93920.150578906,54005058,213571,"Acroporidae","Acroporidae","spawner","Least Concern",30,5,319,48811556.57,199.496666666667,1.6,1.3,37.6985375077679,1.46531666666667,2.81957,1.605,391.691230411713,19130.3695031375,6.03105703702964,8.96596151428571,74.505,45.1244742138,6.1,342.2,35.35
"83","Astreopora moretonensis","Hexacorallia","laminar","rare","VU",0.03,59949.0322844081,9494459,73486,"Acroporidae","Acroporidae",NA,"Vulnerable",15,2,419.59,7156433.208,251.933333333333,2.5,2.1,44.7348584308088,1.50138717948718,2.82319,1.9165,405.75944413336,20054.2252799308,5.90789894077267,9.91708797142857,68.632,47.5871971479,6.19,338,35.08
"84","Astreopora myriophthalma","Hexacorallia","massive","common","LC",0.122,243792.731289926,72319039,240635,"Acroporidae","Acroporidae","spawner","Least Concern",45,2,492.885,66095667.475,365.833333333333,2.3,2.1,23.3236742959866,1.45276115384615,2.84783,4.3015,518.915947583168,40275.5705395148,10.4290504001557,8.02747974285714,87.107,44.1345893533,6.28,326.1,34.72
"85","Astreopora ocellata","Hexacorallia","massive","rare","LC",0.079,157865.785015608,44392804,193925,"Acroporidae","Acroporidae",NA,"Least Concern",30,5,314.3385,36603060,108.128333333333,2.5,1.1,38.0066877769986,1.43956666666667,2.80991,1.415,381.391025242777,20108.7826082831,6.03105703702964,9.73349151428571,73.004,45.3045010641,6.06,345.7,35.56
"86","Caulastraea curvata","Hexacorallia",NA,NA,NA,0.01,19983.0107614694,27889891,169401,NA,"Faviidae",NA,NA,20,0,353.586666666667,26146288.315,100,13.9,7.8,4.10076785714286,1.658975,2.81857,1.8795,310.524466296388,15241.1479690332,5.978971689819,26.1872324,31.7660000000001,34.1328524981,5.85,359,36.25
"87","Caulastraea tumida","Hexacorallia",NA,NA,NA,0.01,19983.0107614694,31832835,182154,NA,"Faviidae",NA,NA,40,2,368.81,30960745.25,100,25,15,5.31722178571429,1.6575060449992,2.81865,1.9745,302.951255997401,14860.6889879808,6.16832567682588,26.1872324,31.307,34.1328524981,5.85,359,36.25
"88","Coeloseris mayeri","Hexacorallia","massive","common","LC",0.348,695408.774499134,50036509,208830,"Agariciidae","Agariciidae",NA,"Least Concern",5,1,352.126666666667,41421693.145,86.9466666666667,11.9,8.1,2.2094455952381,1.690475,2.81763,1.8895,301.628555588595,14860.6889879808,5.978971689819,26.1872324,45.689,34.1328524981,5.85,359,36.25
"89","Coscinaraea columna","Hexacorallia","massive","common","LC",0.107,213818.215147722,73997921,243523,"Coscinaraeidae","Siderastreidae","spawner","Least Concern",30,5,486.913333333333,68826882.87,367.45,6,3.5,33.6268681851043,1.41512423076923,2.84895,4.474,538.868901444326,42711.4650879216,10.9781249593407,16.8842888571428,85.224,42.8430590145,6.28,326.1,34.72
"90","Coscinaraea crassa","Hexacorallia","encrusting","rare","NT",0.08,159864.086091755,29748771,153896,"Coscinaraeidae","Siderastreidae",NA,"Near Threatened",30,10,349.126666666667,25698005.35,84.19,12.9,7.1,4.34214142857143,1.664275,2.81797,1.8795,310.524466296388,15241.1479690332,5.978971689819,26.1872324,31.261,34.1328524981,5.85,359,36.25
"91","Coscinaraea exesa","Hexacorallia","columnar","common","LC",0.159,317729.871107363,39566203,190246,"Coscinaraeidae","Siderastreidae",NA,"Least Concern",27.5,4.5,343.635,41231910.82,90.2066666666667,6.1,2.6,2.82058702380953,1.5695,2.81762,1.864,321.023039793393,15649.7661496697,5.978971689819,25.9043497428572,30.261,37.0069233729,6.02,349.2,35.77
"92","Coscinaraea monile","Hexacorallia","massive","common","LC",0.05,99915.0538073468,33656770,130299,"Coscinaraeidae","Siderastreidae",NA,"Least Concern",54,5.66666666666667,331.086666666667,34792792.315,107.693333333333,5,2.407,6.98154992857143,1.51123333333333,2.81497,1.814,343.058680849924,15649.7661496697,5.978971689819,25.9043497428572,31.54,37.1805178625,6.06,345.7,35.56
"93","Ctenactis crassa","Hexacorallia","massive","common","LC",0.018,35969.4193706449,40883310,216507,"Fungiidae","Fungiidae","spawner","Least Concern",67,NA,155,42206804.485,107.31,236,36.4833333333333,3.21619238095238,1.8455810449992,2.81505,1.8165,304.570738624616,15225.8337603103,5.978971689819,26.1872324,55.9569999999999,33.4179494821,5.85,359,36.25
"94","Ctenactis echinata","Hexacorallia","massive","common","LC",0.057,113903.161340375,47700974,219215,"Fungiidae","Fungiidae","spawner","Least Concern",20,1,266,47345652.75,68.3083333333333,284,37.1443333333333,2.36963964285715,1.76354771166587,2.81498,1.8385,313.466649332409,14462.8136655282,5.978971689819,26.1872324,55.9109999999999,33.4179494821,5.85,359,36.25
"95","Cycloseris curvata","Hexacorallia","massive","rare","VU",0.013,25977.9139899102,58477188,201764,"Fungiidae","Fungiidae",NA,"Vulnerable",73,3,308.215,52835880.055,9,81,75,2.39147178571429,1.7291060449992,2.8152,1.778,315.347002784921,14478.127874251,5.92688634260836,24.9974124,62.845,33.8187150507,5.89,356.9,36.1
"96","Cycloseris explanulata","Hexacorallia","laminar","common",NA,0.007,13988.1075330286,61805745,214628,"Fungiidae","Siderastreidae",NA,NA,31.6666666666667,18.3333333333333,338.183333333333,57465195.32,92.4766666666667,4.5,3.4,5.10013563517665,1.63818937833253,2.81749,1.9555,309.397271175891,14465.6499685739,5.978971689819,26.2071024,33.897,34.0192669586,5.98,354.1,35.95
"97","Cyphastrea agassizi","Hexacorallia","massive","uncommon","VU",0.015,29974.516142204,53027593,177588,"Merulinidae","Faviidae",NA,"Vulnerable",20,3,347.3,37328069.175,163.44,2.2,1.4,20.2729802256806,1.49205384615385,2.81652,1.48,364.187191341446,18113.0543402238,6.29148377308286,9.47795682857142,66.274,40.9071673921,6.11,345.7,35.56
"98","Cyphastrea chalcidicum","Hexacorallia","massive","common","LC",0.058,115901.462416522,66681755,234776,"Merulinidae","Faviidae","spawner","Least Concern",50,0,306,62656587.07,100,2.8,1.6,6.63240367546969,1.51065,2.81492,1.713,342.333296267337,14995.8607115922,5.92688634260836,15.1275159428571,62.878,39.0996616864,6.09,343.6,35.32
"99","Cyphastrea japonica","Hexacorallia","submassive","uncommon","LC",0.03,59949.0322844081,10540989,81378,"Merulinidae","Faviidae",NA,"Least Concern",20,2,472.041666666667,12906579.48,234.083333333333,1.9,1.5,28.5599243634372,1.46678153846154,2.82538,2.182,344.337613202983,14364.4349804818,8.05263186165187,7.72098062857143,79.326,44.8972417795,6.22,338,35.14
"100","Cyphastrea microphthalma","Hexacorallia","massive","common","LC",0.071,141879.376406432,74132790,242521,"Merulinidae","Faviidae","spawner","Least Concern",24,1,293.5,70090854.645,560.863333333333,2.7,1.6,18.1227171018519,1.76051355832933,2.82425,1.93,321.13888941224,15999.8634668034,5.56716577043028,9.42503745714285,117.542,32.9719687022,6.16,344.3,35.53
"101","Cyphastrea serailia","Hexacorallia","massive","common","LC",0.14,279762.150660571,73631964,243460,"Merulinidae","Faviidae","spawner","Least Concern",38.75,2.75,313.5,70540472.315,572.165,2.4,1.4,5.9,1.55079771166587,2.82125,1.8395,337.003250247746,17626.2358106526,5.15048299274514,13.9190577142857,88.209,36.772076873,6.09,347.1,35.62
"102","Danafungia scruposa","Hexacorallia","massive","common","LC",0.01,19983.0107614694,26137110,158498,"Fungiidae","Fungiidae","spawner","Least Concern",41,1,297.8585,55032857.23,24,111,34.0903333333333,2.26188,1.7809810449992,2.8152,1.778,315.347002784921,14478.127874251,5.92688634260836,24.9974124,62.939,33.8187150507,5.92,354.8,35.98
"103","Diploastrea heliopora","Hexacorallia","massive","uncommon","NT",0.248,495578.66688444,55983207,226503,"Diploastraeidae","Faviidae","spawner","Near Threatened",30,0,290,52480043.55,633.333333333333,9,7,2.43239285714286,1.752375,2.81742,2.013,307.923268465703,14334.5215966071,4.44515239192825,24.1118941714286,65.4059999999999,34.2711744619,5.93,356.9,36.07
"104","Echinophyllia aspera","Hexacorallia","laminar","common","LC",0.051,101913.354883494,71507840,242762,"Lobophyllidae","Pectiniidae","spawner","Least Concern",57,8.5,414,68934427.64,271.218333333333,10.9,8.8,9.65305516046318,1.52920155781971,2.82434,1.9185,353.679272999444,17060.6451514985,6.87365627764277,23.9868188571429,51.503,37.4651570543,6.07,342.2,35.2
"105","Echinophyllia echinata","Hexacorallia","laminar","uncommon","LC",0.055,109906.559188082,66874958,235717,"Lobophyllidae","Pectiniidae",NA,"Least Concern",40,5,366.236666666667,61084601.95,122.166666666667,12.9,12,3.23122023809524,1.6669560449992,2.81851,1.9125,310.505374741281,14465.6499685739,5.978971689819,25.3628932857143,34.922,34.3064469877,5.92,354.8,35.98
"106","Echinophyllia echinoporoides","Hexacorallia","encrusting","common","LC",0.059,117899.763492669,11552099,129870,"Lobophyllidae","Pectiniidae",NA,"Least Concern",30,3,318.958333333333,14349108.575,68.29,5.7,2.5,5.21153714285715,1.630025,2.81489,1.8345,300.455086486218,14860.6889879808,5.978971689819,26.1872324,31.731,34.1328524981,5.95,356.2,36.07
"107","Echinopora gemmacea","Hexacorallia","laminar","common","LC",0.218,435629.634600032,66172944,240150,"Merulinidae","Faviidae","spawner","Least Concern",35,1,340,65061177.015,276.64,4.2,3,9.4706175847808,1.65206584666347,2.8241,2.0615,298.655980436728,12708.8765366004,6.3435691202935,25.6652550571429,40.026,30.6356379929,6.16,344.3,35.53
"108","Echinopora hirsutissima","Hexacorallia","submassive","uncommon","LC",0.083,165858.989320196,49688810,209712,"Merulinidae","Faviidae",NA,"Least Concern",40,0,325.051666666667,49430644.405,81.8533333333333,4.2,3.7,2.66410585714286,1.64330833333333,2.81447,1.775,307.391219430294,14371.8495205922,5.92688634260836,26.1872324,35.896,34.1328524981,5.9,357.6,36.13
"109","Echinopora horrida","Hexacorallia","encrusting_long_uprights","uncommon","NT",0.11,219813.118376163,30274756,175980,"Merulinidae","Faviidae","spawner","Near Threatened",25,3,314.117,32941391.15,500,2.4,2,25.604753836166,1.70225989115305,2.82141,1.9675,310.107650989322,15779.9734142351,4.44515239192825,10.5179812571429,98.629,38.9636683425,6.13,347.8,35.65
"110","Echinopora lamellosa","Hexacorallia","laminar","common","LC",0.515,1029125.05421567,73345463,241121,"Merulinidae","Faviidae","spawner","Least Concern",35,2,261,70194905.85,500,3.4,2.3,11.6910124562803,1.70995302615065,2.82582,2.451,298.652746191651,13201.8459610097,5.56716577043028,19.7442703714286,90.356,31.3804053784,6.16,344.3,35.53
"111","Echinopora mammiformis","Hexacorallia","encrusting_long_uprights","common","NT",0.362,723384.989565191,40116099,175341,"Merulinidae","Faviidae",NA,"Near Threatened",15,3,318.966666666667,32045791.34,500,8.9,6.1,8.82030832600733,1.662075,2.81782,1.976,311.037770426004,15363.1076165991,4.44515239192825,24.8992941714286,40.829,35.2783887714,5.95,355.5,35.98
"112","Echinopora pacificus","Hexacorallia","laminar","common","NT",0.113,225808.021604604,27404947,159858,"Merulinidae","Faviidae","spawner","Near Threatened",15,1,328.855,25528437.28,78.6366666666667,4.6,2.5,6.1762905,1.55573333333333,2.81497,1.747,320.043150911534,15649.7661496697,5.92688634260836,25.9043497428572,31.482,37.0069233729,6.02,349.2,35.77
"113","Euphyllia cristata","Hexacorallia","massive","common","VU",0.01,19983.0107614694,33418075,181617,"Euphylliidae","Euphyllidae",NA,"Vulnerable",35,1,337.44,34723713.95,12,25,20,2.68326357142857,1.687325,2.8155,1.8825,303.016621534389,14860.6889879808,5.978971689819,25.7736624,47.026,34.3600235771,5.89,356.9,36.1
"114","Euphyllia glabrescens","Hexacorallia","massive","common","NT",0.007,13988.1075330286,57041586,229243,"Euphylliidae","Euphyllidae","brooder","Near Threatened",27.5,2,340.68,55045935.335,79.405,19,8,1.94882464285714,1.7278060449992,2.81778,1.862,317.693940989675,14517.3709938804,5.978971689819,25.4109824,62.063,33.5915439717,5.92,354.8,35.98
"115","Euphyllia paraancora","Hexacorallia","massive","uncommon","VU",0.05,99915.0538073468,19228260,102545,"Euphylliidae","Euphyllidae","spawner","Vulnerable",30,3,349.92,18141992.835,68.25,30,29,4.2668075,1.668425,2.81797,1.8455,310.524466296388,15241.1479690332,5.978971689819,26.1872324,31.261,34.1328524981,5.85,359,36.25
"116","Favites abdita","Hexacorallia","massive","common","NT",0.281,561522.602397289,78650906,242940,"Merulinidae","Faviidae","spawner","Near Threatened",26.6666666666667,2,407.5,72251149.285,100,15,7.5,0.8,1.5785810449992,2.8172,1.817,380.818994217386,21818.2439757691,6.87365627764277,24.8174679714286,42.696,39.224217435,5.99,348.5,35.59
"117","Favites chinensis","Hexacorallia","massive","common","NT",0.071,141879.376406432,58223062,228489,"Merulinidae","Faviidae","spawner","Near Threatened",20,0,395,57089008.555,101.151666666667,12.5,7.5,9.17185042124541,1.6358120899984,2.81809,1.956,310.719971584697,14465.6499685739,6.16832567682588,26.2071024,37.653,34.0192669586,5.94,351.3,35.77
"118","Favites complanata","Hexacorallia","massive","uncommon","NT",0.048,95918.451655053,64979928,240802,"Merulinidae","Faviidae","spawner","Near Threatened",27.5,3,371.5,62754606.605,136.18,18.8,8,2.65306202380953,1.6104310449992,2.81851,1.903,310.505374741281,14387.1637293151,6.16832567682588,25.0800106285714,32.434,36.5134171657,5.92,354.8,35.98
"119","Favites flexuosa","Hexacorallia","massive","uncommon","NT",0.078,155867.483939461,71335568,239267,"Merulinidae","Faviidae","spawner","Near Threatened",20,5.5,382.806666666667,67470677.26,158.883333333333,18.8,13.2,6.40486901648351,1.6460491799968,2.81772,1.8225,312.012871200313,14419.7073424052,6.73638763784653,25.3696732857143,51.156,31.0916044097,5.98,349.2,35.62
"120","Favites halicora","Hexacorallia","massive","uncommon","NT",0.133,265774.043127543,57893396,225308,"Merulinidae","Faviidae","spawner","Near Threatened",55,NA,352,55922609.63,70.7833333333333,16.8,10.8,2.04880321428572,1.7186560449992,2.81778,1.837,317.693940989675,14517.3709938804,5.978971689819,25.4109824,62.201,33.5915439717,5.92,354.8,35.98
"121","Favites micropentagonus","Hexacorallia",NA,NA,"NT",0.033,65943.9355128489,6854113,73434,NA,"Faviidae",NA,"Near Threatened",20,0,320.901666666667,11292395.407,50,5.2,3.3,5.02357907142857,1.650175,2.81489,1.7815,308.371108312153,15241.1479690332,5.92688634260836,25.7736624,32.146,34.3600235771,5.99,354.1,35.92
"122","Favites pentagona","Hexacorallia","submassive","uncommon","LC",0.058,115901.462416522,64275457,231329,"Merulinidae","Faviidae","spawner","Least Concern",45,3.5,336.061666666667,62855763.175,100,8.5,3.8,1.90529035714286,1.7003681349976,2.8153,1.8445,312.253072052026,14587.2425309556,5.978971689819,25.3628932857143,49.3499999999999,34.4800414773,5.92,354.8,35.98
"123","Favites vasta","Hexacorallia","massive","uncommon","NT",0.027,53954.1290559673,17726659,72578,"Merulinidae","Faviidae",NA,"Near Threatened",20,1,355.331666666667,18898317.565,94.97,17.5,12.5,4.19232892857143,1.658975,2.81857,1.8795,309.479211877542,15241.1479690332,5.978971689819,26.1872324,31.7660000000001,34.1328524981,5.85,359,36.25
"124","Fungia fungites","Hexacorallia","massive","common","NT",0.077,153869.182863314,66931149,236614,"Fungiidae","Fungiidae","spawner","Near Threatened",50,0,218.6035,33050257.1465,28,158,40.752,2,1.99,2.81541,1.8245,304.570738624616,15225.8337603103,5.978971689819,25.7736624,56.7869999999999,33.6451205611,5.89,356.9,36.1
"125","Galaxea astreata","Hexacorallia","submassive","common","VU",0.035,69940.5376651428,56837149,229360,"Euphylliidae","Oculinidae","spawner","Vulnerable",35,9,329.248333333333,53354398.935,166.666666666667,3.7,3.4,7.8639985,1.51765,2.8139,1.742,349.458422046534,15822.4390588915,5.92688634260836,20.8848532857143,48.152,39.1012859452,6.06,345.7,35.56
"126","Galaxea fascicularis","Hexacorallia","massive","common","NT",0.382,763351.01108813,62107800,240028,"Euphylliidae","Oculinidae","spawner","Near Threatened",19.25,1.25,482,62479426.59,500,10.7,5.8,15.2214931645398,1.68696969281731,2.82728,2.387,293.000762558798,11483.6403138251,4.63450637893513,19.7545594857143,65.486,34.9221770044,6.07,346.4,35.56
"127","Galaxea longisepta","Hexacorallia","encrusting","rare","NT",0.087,173852.193624783,11396169,130240,"Euphylliidae","Oculinidae",NA,"Near Threatened",20,5,321.73,13248808.365,15,7.6,4.7,4.77062321428572,1.675025,2.81498,1.7865,308.371108312153,15241.1479690332,5.92688634260836,25.7736624,33.103,34.3600235771,5.89,356.9,36.1
"128","Gardineroseris planulata","Hexacorallia","massive","uncommon","LC",0.064,127891.268873404,99491163,244599,"Agariciidae","Agariciidae","spawner","Least Concern",25,8.66666666666667,144,85555016.06,715.973333333333,5,1.4,8.25,1.63,2.82586,2.3325,349.335159529665,17662.6097641581,6.49982516192543,20.3751148,111.04,30.2429139591,6.16,344.3,35.53
"129","Goniastrea edwardsi","Hexacorallia","massive","common","LC",0.106,211819.914071575,57736668,227122,"Merulinidae","Faviidae","spawner","Least Concern",30,0,308,56142436.515,100,5,2.5,4.87900920660523,1.60336437833253,2.81491,1.844,317.271460478181,14347.9206096857,5.978971689819,25.9242197428572,31.593,36.2262371366,6.02,349.2,35.77
"130","Goniastrea favulus","Hexacorallia","massive","uncommon","NT",0.072,143877.677482579,42551210,195682,"Merulinidae","Faviidae","spawner","Near Threatened",15,0,339.688333333333,40990209.4,75.33,7.5,4,4.05,1.651525,2.81754,1.8775,303.016621534389,14915.2463163331,5.978971689819,27.9523297428572,3.9,33.9056814191,5.5,380,37
"131","Goniastrea minuta","Hexacorallia","submassive","uncommon","NT",0.027,53954.1290559673,20724093,111785,"Merulinidae","Faviidae","spawner","Near Threatened",15,1,327.925,19768099.25,69.85,5.9,4.3,4.66698607142858,1.666625,2.81489,1.7865,309.54457741453,15241.1479690332,5.92688634260836,26.1872324,31.447,34.1328524981,5.9,357.6,36.13
"132","Goniastrea pectinata","Hexacorallia","submassive","common","LC",0.093,185842.000081665,70298953,236447,"Merulinidae","Faviidae","spawner","Least Concern",35,4.25,362.876833333333,66369238.09,158.773333333333,15,5,4.09526625457876,1.6790491799968,2.8186,1.9625,302.137071610661,14023.9341526299,6.54703365083965,25.3696732857143,49.2609999999999,31.0916044097,5.92,354.8,35.98
"133","Goniastrea retiformis","Hexacorallia","massive","common","LC",0.332,663435.957280783,60563366,228657,"Merulinidae","Faviidae","spawner","Least Concern",14,1,461.5,58574843.48,100,6.5,3.5,6.8,1.7,2.82948,2.8,262.0747126308,6349.88481168333,9.06559768743619,45.818,8.5,27.95117054,6.15,340.1,35.26
"134","Goniopora columna","Hexacorallia","columnar","common","NT",0.196,391667.0109248,57959770,231108,"Poritidae","Poritidae","spawner","Near Threatened",15,2,340.66,57757251.155,118.29,3.7,2.7,4.7547037780338,1.52538333333333,2.81749,1.845,340.907393860641,15740.0896161392,5.978971689819,20.8712932857143,46.515,38.5253016282,6.07,345,35.41
"135","Goniopora djiboutiensis","Hexacorallia","columnar","common","LC",0.066,131887.871025698,57172929,213416,"Poritidae","Poritidae","spawner","Least Concern",39,3,407.350166666667,55890685.675,271.835,4.7,3.2,10.0600142121906,1.55057646833093,2.82506,1.8355,322.613956626373,13713.7137938369,7.41349715158489,23.9387297428572,32.74,39.4253509934,6.23,338,35.14
"136","Goniopora fruticosa","Hexacorallia","encrusting","uncommon","LC",0.047,93920.150578906,22979606,145600,"Poritidae","Poritidae",NA,"Least Concern",25,5,325.636666666667,23167117.215,85.6533333333333,3.7,1.7,13.0162888494624,1.51593333333333,2.81417,1.586,342.137790979027,15771.3587120515,5.92688634260836,13.3751177142857,59.058,39.273256176,6.06,345.7,35.56
"137","Goniopora lobata","Hexacorallia","columnar","common","NT",0.023,45960.9247513795,61049325,229509,"Poritidae","Poritidae","spawner","Near Threatened",25,1.25,500,58290579.54,285.113333333333,4.6,2.4,14.0967868704283,1.63729414128045,2.8274,2.3535,288.4813748147,10981.2216852069,6.58500845451103,19.3779286,43.215,33.3643115374,6.2,340.1,35.26
"138","Goniopora minor","Hexacorallia","encrusting","common","NT",0.055,109906.559188082,63301319,234762,"Poritidae","Poritidae","spawner","Near Threatened",40,0.5,318.1,61067284.865,166.426666666667,2.5,1.5,15.8899200389069,1.52421666666667,2.81674,1.621,345.637035736099,15861.6821785209,5.92688634260836,10.6069886,67.575,39.816831967,6.09,343.6,35.32
"139","Goniopora norfolkensis","Hexacorallia","encrusting","uncommon","LC",0.035,69940.5376651428,16670051,135963,"Poritidae","Poritidae","spawner","Least Concern",30,1,462,15889342.6075,264.396666666667,2.4,1.5,39.6459947279103,1.48143205128205,2.82171,2.029,383.716845228148,18956.340881878,6.68917914893231,8.23227797142857,69.153,46.4612164447,6.22,338,35.14
"140","Goniopora somaliensis","Hexacorallia","encrusting","uncommon","LC",0.101,201828.408690841,65375590,240374,"Poritidae","Poritidae",NA,"Least Concern",45,0.5,323.293333333333,63397102.975,200,3.1,2.2,8.6629908615739,1.6217370899984,2.82045,1.7515,316.466893407423,14380.4642227758,5.92688634260836,15.3150812571429,55.447,34.6427153476,6.16,344.3,35.53
"141","Goniopora tenuidens","Hexacorallia","massive","common","LC",0.028,55952.4301321142,57310318,228762,"Poritidae","Poritidae","spawner","Least Concern",40,2,368.136666666667,55928762.785,99.11,13.883,8.198,3.57795323809524,1.6843870899984,2.81846,1.9835,312.68226573886,14426.4068489445,6.16832567682588,26.2071024,47.674,34.0192669586,5.88,356.9,36.13
"142","Halomitra pileus","Hexacorallia","massive","common","LC",0.034,67942.2365889958,51460232,195747,"Fungiidae","Fungiidae","spawner","Least Concern",25,3,331.706666666667,46146105.96,60,4.8,2.4,2.66479121428572,1.62133333333333,2.81446,1.789,309.54457741453,14371.8495205922,5.92688634260836,26.1872324,36.042,34.1328524981,5.95,356.2,36.07
"143","Hydnophora exesa","Hexacorallia","submassive","common","NT",0.106,211819.914071575,62164542,233703,"Merulinidae","Merulinidae","spawner","Near Threatened",42.5,30,328,60889646.225,100,4.5,3,4.02023475422427,1.68583937833253,2.8145,1.8715,314.686392416666,14587.2425309556,5.978971689819,25.3628932857143,49.542,34.4800414773,6.02,349.2,35.77
"144","Hydnophora microconos","Hexacorallia","massive","common","NT",0.112,223809.720528457,71286370,239622,"Merulinidae","Merulinidae","spawner","Near Threatened",32.5,1.5,391.85,70681666.435,266.433333333333,7.2,3.6,6.3,1.37,2.81973,1.504,380.665909913225,22393.4693510291,8.66302545329031,20.2406215142857,64.94,37.5720484259,6.2,337.3,35.14
"145","Hydnophora pilosa","Hexacorallia","columnar","uncommon","LC",0.152,303741.763574334,27468424,167600,"Merulinidae","Merulinidae","spawner","Least Concern",30,5,308,24272271.71,36.29,8,5,4.98870821428572,1.662025,2.81532,1.7865,308.371108312153,15241.1479690332,5.92688634260836,25.7736624,33.103,34.3600235771,5.89,356.9,36.1
"146","Hydnophora rigida","Hexacorallia","branching_closed","common","LC",0.138,275765.548508277,52904173,206824,"Merulinidae","Merulinidae","spawner","Least Concern",40,0,322.83,49759283.105,71.8866666666667,6.7,4.7,2.51173264285715,1.7193560449992,2.81448,1.8245,303.590849742757,14082.3546844758,5.978971689819,26.1872324,56.097,33.4179494821,5.9,357.6,36.13
"147","Isopora brueggemanni","Hexacorallia","branching_open","common","VU",0.979,1956336.75354785,48305831,195777,"Acroporidae","Acroporidae","brooder","Vulnerable",25,1,310.485,61072042.52,137.705,1.6,1,42.2286231616535,1.45748333333333,2.80813,1.483,386.089343110522,19413.1648327146,6.03105703702964,10.1299924,75.718,45.1844831639,6.09,343.6,35.32
"148","Isopora palifera","Hexacorallia","branching_open","common","NT",1.834,3664884.17365348,63766414,208071,"Acroporidae","Acroporidae","brooder","Near Threatened",25.25,1.5,249,55433655.87,495.851666666667,1.4,0.7,45.4303422820513,1.52,2.81874,1.6965,366.600154515451,17583.529435792,1.60919941377143,9.76496151428571,89.365,42.1871458713,6.13,343.6,35.29
"149","Leptastrea aequalis","Hexacorallia","encrusting","rare","VU",0.027,53954.1290559673,12435950,80315,"Fungiidae","Faviidae",NA,"Vulnerable",20,2,325.053333333333,12104736.5645,20,2.8,2.5,9.589422,1.54138333333333,2.81481,1.687,317.652009719852,16515.5876165985,5.92688634260836,20.4378532857143,46.173,38.9161278305,6.06,345.7,35.56
"150","Leptastrea bewickensis","Hexacorallia","encrusting","uncommon","NT",0.47,939201.50578906,56016383,184820,"Fungiidae","Faviidae",NA,"Near Threatened",20,6,327.621666666667,38658279.61,100,4.2,1.8,7.22884994470046,1.51488333333333,2.81497,1.768,343.1894119239,15649.7661496697,5.92688634260836,21.7810315142857,38.429,37.7497466563,6.06,345.7,35.56
"151","Leptastrea inaequalis","Hexacorallia","massive","uncommon","NT",0.046,91921.8495027591,48496103,201101,"Fungiidae","Faviidae",NA,"Near Threatened",20,0,333.438333333333,45702456.6,101.463333333333,4.1,1.8,7.69244351612903,1.53568333333333,2.81454,1.759,320.512252054222,14780.4677012287,5.92688634260836,21.7810315142857,39.721,37.6897377062,6.06,345.7,35.56
"152","Leptastrea pruinosa","Hexacorallia","encrusting","common","LC",0.063,125892.967797257,56239053,220620,"Fungiidae","Faviidae",NA,"Least Concern",40,0,330.853333333333,51620265.365,130.27,3.6,2,6.00192351612904,1.53148333333333,2.81447,1.741,326.270474437686,14902.0602636105,5.92688634260836,16.7281050571429,56.171,39.2132472259,6.04,347.1,35.65
"153","Leptastrea purpurea","Hexacorallia","encrusting","common","LC",0.088,175850.49470093,85030186,246753,"Fungiidae","Faviidae","spawner","Least Concern",23,0.75,303.220166666667,78091560.35,100,10,1.8,1.8,1.63,2.81325,1.761,367.185248786497,21272.3519388437,6.63221694342524,20.0676850571429,62.3379999999999,33.4959393333,5.97,353.4,35.92
"154","Leptastrea transversa","Hexacorallia","encrusting","common","LC",0.108,215816.516223869,86882236,244098,"Fungiidae","Faviidae",NA,"Least Concern",30,1.33333333333333,345.388666666667,76541855.62,433,9.2,5.4,7.43559619047619,1.54940155781971,2.81706,1.958,378.81511221292,22927.6176526455,5.15048299274514,22.6046624,67.9819999999999,37.6047801144,6.01,348.5,35.71
"155","Leptoria irregularis","Hexacorallia","encrusting","uncommon","VU",0.01,19983.0107614694,16122416,117269,"Merulinidae","Faviidae",NA,"Vulnerable",20,2,340.583333333333,17704522.4,150,6.3,3.5,5.939505,1.55575,2.81805,1.806,324.669590789102,15649.7661496697,5.978971689819,25.9179097428572,31.942,37.0069233729,6.02,349.2,35.77
"156","Leptoria phrygia","Hexacorallia","massive","common","NT",0.269,537542.989483526,72944525,239416,"Merulinidae","Faviidae","spawner","Near Threatened",18.3333333333333,1,454.666666666667,68880590.845,607.183333333333,3.5,2.6,30.5939720965151,1.61,2.84791,3.5065,490.765213842008,39474.315088754,9.92230747158857,12.4676206285714,88.362,43.897478908,6.26,328.2,34.84
"157","Leptoseris explanata","Hexacorallia","laminar","common","LC",0.023,45960.9247513795,55503666,225641,"Agariciidae","Agariciidae","spawner","Least Concern",45,14.5,338.32,56367105.6,115.088333333333,4,2.4,4.8241877780338,1.56098333333333,2.81749,1.872,326.102005648987,14835.025029581,5.978971689819,22.1489424,40.308,37.9458103056,6.05,347.1,35.65
"158","Leptoseris gardineri","Hexacorallia","laminar","uncommon","LC",0.02,39966.0215229387,37159696,186987,"Agariciidae","Agariciidae",NA,"Least Concern",70,10,283.4005,33454961.965,866.666666666667,2.5,1.4,29.9657672536652,1.66402426948558,2.82441,1.896,325.484652272721,16114.8568543029,4.30788375213201,10.2124174571428,122.902,39.0073055656,6.13,347.8,35.65
"159","Leptoseris hawaiiensis","Hexacorallia","encrusting","uncommon","LC",0.043,85926.9462743183,90945145,239434,"Agariciidae","Agariciidae",NA,"Least Concern",107,33.6666666666667,442.926666666667,76158469.52,553.773333333333,3.2,1.6,16.2033936220017,1.58153819307212,2.83821,2.793,376.022102470391,23288.3520349166,8.63480436621178,8.08206682857142,102.674,40.8376035935,6.25,336.6,35.11
"160","Leptoseris mycetoseroides","Hexacorallia","laminar","common","LC",0.03,59949.0322844081,85580112,245294,"Agariciidae","Agariciidae",NA,"Least Concern",60,18,331.695333333333,76894817.61,133.333333333333,4.4,1.9,7.23368582824468,1.55866822448638,2.81816,1.7575,381.026877885463,22614.9280759909,7.42760769512415,19.8149615142857,71.039,37.59964885,6.15,342.2,35.44
"161","Leptoseris scabra","Hexacorallia","encrusting","uncommon","LC",0.021,41964.3225990857,89827629,237739,"Agariciidae","Agariciidae",NA,"Least Concern",81,14,308.292333333333,79355940.94,308.926666666667,6.3,3.8,8.48777826190476,1.53401717948718,2.81497,1.7145,383.441552090489,22805.6580050796,6.63221694342524,21.0561415142857,69.119,38.2831212738,6.08,345,35.35
"162","Leptoseris yabei","Hexacorallia","laminar","uncommon","VU",0.035,69940.5376651428,45589820,210873,"Agariciidae","Agariciidae",NA,"Vulnerable",62,13,331.698333333333,42806236.105,100,3.7,2.3,6.15673244470046,1.50373333333333,2.81454,1.768,339.881230996902,15649.7661496697,5.92688634260836,20.8514232857143,41.403,38.6388871677,6.04,347.1,35.65
"163","Lithophyllon undulatum","Hexacorallia","encrusting","uncommon","NT",0.027,53954.1290559673,12995615,109712,"Fungiidae","Fungiidae",NA,"Near Threatened",20,1,322.136666666667,17522567.32,50,5.1,2.3,4.7716153732719,1.55933333333333,2.81438,1.713,318.869681809157,16515.5876165985,5.92688634260836,25.4907797428572,34.616,37.6364842793,6.02,349.2,35.77
"164","Lobophyllia diminuta","Hexacorallia","massive","uncommon","VU",0.02,39966.0215229387,32621536,192284,"Lobophyllidae","Mussidae",NA,"Vulnerable",10,1,325.36,26956300.475,58.18,42.5,21.731,4.41926428571429,1.672425,2.81489,1.7865,308.371108312153,15241.1479690332,5.92688634260836,26.1872324,31.261,34.1328524981,5.85,359,36.25
"165","Lobophyllia hataii","Hexacorallia","massive","common","LC",0.1,199830.107614694,47424914,218438,"Lobophyllidae","Mussidae",NA,"Least Concern",30,1.5,356.836666666667,46976140.13,91.99,30,25,2.14537702380952,1.7051560449992,2.81823,1.9175,313.59486401594,14462.8136655282,5.978971689819,26.1872324,56.4159999999999,33.4179494821,5.85,359,36.25
"166","Lobophyllia hemprichii","Hexacorallia","massive","common","LC",0.174,347704.387249567,70992049,237607,"Lobophyllidae","Mussidae","spawner","Least Concern",36.6666666666667,0.666666666666667,810,65275213.22,500,26.8,16.5,24.4128287751388,1.62503249397196,2.8314,2.5705,302.689640308282,12453.251779754,4.63450637893513,20.0196750571428,59.24,34.4408774281,6.07,345.7,35.56
"167","Lobophyllia pachysepta","Hexacorallia","massive","uncommon","NT",0.037,73937.1398174367,35535977,189077,"Lobophyllidae","Mussidae","spawner","Near Threatened",30,3,333.045,30604868.415,50,32.6,14.1,4.8612375,1.677625,2.81498,1.8045,303.016621534389,14860.6889879808,5.978971689819,25.7736624,45.689,34.3600235771,5.89,356.9,36.1
"168","Madracis kirbyi","Hexacorallia","digitate","uncommon","LC",0.03,59949.0322844081,37148697,183630,"Pocilloporidae","Astrocoeniidae",NA,"Least Concern",37.5,2,326.436666666667,37654678.395,125,2.6,1.9,8.93038001612903,1.50428333333333,2.81481,1.664,344.913922870616,15771.3587120515,5.92688634260836,16.7281050571429,55.258,39.273256176,6.06,345.7,35.56
"169","Merulina ampliata","Hexacorallia","laminar","common","LC",0.138,275765.548508277,68975060,236149,"Merulinidae","Merulinidae","spawner","Least Concern",35,4.5,312.5,62556885.535,108.433333333333,6.2,3.8,1.8745,1.57131666666667,2.81388,1.717,316.289055205878,15740.0896161392,5.92688634260836,25.0800106285714,36.315,37.1805178625,6,351.3,35.74
"170","Merulina scabricula","Hexacorallia","laminar","common","LC",0.278,555527.699168848,49498932,205282,"Merulinidae","Merulinidae",NA,"Least Concern",40,1,325.483333333333,45955453.445,129.345,3.5,1.8,8.64439251612903,1.49995,2.81527,1.62,349.157789692545,16309.1763936028,5.92688634260836,15.9319850571429,62.839,39.8768409171,6.06,345.7,35.56
"171","Montipora aequituberculata","Hexacorallia","laminar","common","LC",0.173,345706.08617342,75859947,240867,"Acroporidae","Acroporidae","spawner","Least Concern",21,1,241,70441827.84,305.176666666667,0.9,0.7,28.143477135973,1.5432,2.81055,1.158,342.45580749633,17420.4844029207,7.74935346363085,7.19412417142857,109.895,37.9843129451,6.21,340.1,35.29
"172","Montipora altasepta","Hexacorallia","branching_open","uncommon","VU",1.36,2717689.46355983,26926776,136360,"Acroporidae","Acroporidae","spawner","Vulnerable",10,1,313.601,22922212.185,77.45,0.8,0.6,34.2548195813464,1.4017,2.80622,1.024,337.161829628966,16062.732662302,7.06301026464965,9.30281885714286,81.274,41.496286684,6.06,345.7,35.56
"173","Montipora angulata","Hexacorallia","branching_closed","rare","VU",0.165,329719.677564245,41920228,191685,"Acroporidae","Acroporidae",NA,"Vulnerable",20,1,319.765,36922878.185,121.026666666667,1.3,1,32.7607860439997,1.41706666666667,2.80532,1.355,366.070261906554,18154.6923226102,6.84055833226782,9.72430151428571,77.334,42.7095535989,6.06,345.7,35.56
"174","Montipora australiensis","Hexacorallia","columnar","rare","VU",0.257,513563.376569763,40722003,180964,"Acroporidae","Acroporidae",NA,"Vulnerable",30,2,307.1225,31394565.505,80.0933333333333,0.1,0.9,16.2040961827957,1.45663333333333,2.80895,1.071,337.147424205435,16660.7611414998,6.97782697206405,9.84173594285714,80.042,39.6731169316,6.06,345.7,35.56
"175","Montipora cactus","Hexacorallia","encrusting_long_uprights","uncommon","VU",1.81,3616924.94782596,7012863,74622,"Acroporidae","Acroporidae","spawner","Vulnerable",20,2,460.2435,7621145.313,250.346666666667,1.2,0.7,57.3635532887402,1.439375,2.82409,1.63,388.217488066452,18174.4292184333,7.70214497471663,7.48832531428572,86.75,44.961735669,6.22,338,35.14
"176","Montipora calcarea","Hexacorallia","digitate","uncommon","VU",0.03,59949.0322844081,17886982,92531,"Acroporidae","Acroporidae",NA,"Vulnerable",20,0,327.6105,24285424.49,69.855,0.9,0.7,34.6885729146798,1.4178,2.806,1.059,336.310155430638,16062.732662302,7.06301026464965,9.24357974285714,81.274,40.7916461968,6.06,345.7,35.56
"177","Montipora caliculata","Hexacorallia","massive","uncommon","VU",0.161,321726.473259657,43634113,190326,"Acroporidae","Acroporidae",NA,"Vulnerable",20,1,327.387,44353288.67,82.2533333333333,1,0.7,36.2930170813464,1.36681666666667,2.80522,1.081,378.339719090178,22103.3406762015,8.43569666261205,8.90521885714286,85.105,42.9479651405,6.06,345.7,35.56
"178","Montipora capitata","Hexacorallia","encrusting_long_uprights","uncommon","NT",0.124,247789.33344222,37508229,133837,"Acroporidae","Acroporidae","spawner","Near Threatened",45,23,318.6185,31778443.65,102.743333333333,1,0.8,17.8525,1.43676666666667,2.80845,1.188,335.973955103058,15794.939674571,6.92574162485341,9.81071594285714,74.232,39.2707271042,6.06,345.7,35.56
"179","Montipora confusa","Hexacorallia","encrusting_long_uprights","uncommon","NT",0.204,407653.419533975,8524080,110455,"Acroporidae","Acroporidae",NA,"Near Threatened",30,1,311.451,10741972.9485,100,0.7,0.6,33.9684405813464,1.4056,2.80622,1.031,337.161829628966,16062.732662302,7.06301026464965,9.30281885714286,81.274,41.496286684,6.06,345.7,35.56
"180","Montipora corbettensis","Hexacorallia","digitate","uncommon","VU",0.054,107908.258111935,24447907,155975,"Acroporidae","Acroporidae",NA,"Vulnerable",20,2,313.601,24372055.735,77.45,0.8,0.6,34.2548195813464,1.4017,2.80622,1.024,337.161829628966,16062.732662302,7.06301026464965,9.30281885714286,81.274,41.496286684,6.06,345.7,35.56
"181","Montipora crassituberculata","Hexacorallia","laminar","uncommon","VU",0.157,313733.268955069,48678047,195428,"Acroporidae","Acroporidae","spawner","Vulnerable",20,1,308.5,41313318.165,169.506666666667,1.5,1.2,25.8097090301039,1.50923717948718,2.82088,1.638,334.203170174461,15592.3725182717,5.92688634260836,11.6426732857143,67.446,40.9379516593,6.06,345.7,35.56
"182","Montipora danae","Hexacorallia","laminar","common","LC",0.093,185842.000081665,64673944,223473,"Acroporidae","Acroporidae","spawner","Least Concern",50,0,352.5685,59456513.705,266.85,1.4,0.9,45.5119227407626,1.48968333333333,2.81706,1.582,380.396632191209,19056.6347625687,6.37666706566845,7.42265151428571,89.539,44.4211348229,6.13,343.6,35.29
"183","Montipora delicatula","Hexacorallia","laminar","uncommon","VU",0.584,1167007.82846981,5211715,69375,"Acroporidae","Acroporidae",NA,"Vulnerable",15,2,320.296,8126312.7525,111.45,0.6,0.5,37.5016242480131,1.423625,2.80609,0.953000000000001,356.654435869778,15505.3704833501,7.93870745063773,9.20865974285714,82.774,41.0938968566,6.06,345.7,35.56
"184","Montipora digitata","Hexacorallia","branching_open","common","LC",0.611,1220961.95752578,56741333,226343,"Acroporidae","Acroporidae","spawner","Least Concern",5,0,360,51112312.94,55.2366666666667,0.9,0.8,19.817,1.42188717948718,2.81127,0.9,338.381671459402,14642.4788113688,6.92574162485341,9.37096594285714,73.908,39.2967032695,6.06,345.7,35.56
"185","Montipora efflorescens","Hexacorallia","massive","uncommon","NT",0.174,347704.387249567,71718595,240476,"Acroporidae","Acroporidae","spawner","Near Threatened",20,1,451.637,65538451.8,246.748333333333,1.2,0.6,33.1428368039484,1.54645302615065,2.82982,1.95,339.736529430576,14436.2477365241,8.9614269930149,7.39672974285714,90.098,40.7980550265,6.26,334.5,34.87
"186","Montipora florida","Hexacorallia","laminar","uncommon","VU",0.211,421641.527067004,5277067,69399,"Acroporidae","Acroporidae",NA,"Vulnerable",20,2,313.75,8068333.9385,87.3533333333333,0.8,0.4,24.875242877333,1.3754,2.80533,1.141,361.331883053633,16178.700950374,8.19913418669095,9.23525062857143,85.846,41.6715054324,6.06,345.7,35.56
"187","Montipora floweri","Hexacorallia","submassive","uncommon","LC",0.137,273767.24743213,56726661,219963,"Acroporidae","Acroporidae",NA,"Least Concern",35,1,334.9505,52766224.72,93.1733333333333,0.9,0.5,16.839420516129,1.42114,2.80697,1.045,333.830214434804,13741.4506899296,8.19913418669095,8.96186505714286,78.55,38.7694992055,6.06,345.7,35.56
"188","Montipora foliosa","Hexacorallia","laminar","common","NT",0.933,1864414.90404509,67457453,237787,"Acroporidae","Acroporidae","spawner","Near Threatened",41,0,370,60680646.67,99.7383333333333,0.9,0.6,35.9960604147552,1.5508,2.81304,1.37,327.607379547872,14308.0682495316,6.62734008512882,8.39694062857143,87.079,40.327946323,6.07,345.7,35.56
"189","Montipora foveolata","Hexacorallia","massive","uncommon","NT",0.132,263775.742051396,49796598,205723,"Acroporidae","Acroporidae","spawner","Near Threatened",25,1,323.951666666667,48783510.66,134.453333333333,2.9,2.1,15.2064697791563,1.50333333333333,2.81817,1.615,344.484729183782,15767.8817305392,5.92688634260836,10.9644577142857,63.527,38.9860761469,6.06,345.7,35.56
"190","Montipora grisea","Hexacorallia","massive","common","LC",0.668,1334865.11886615,56169887,201174,"Acroporidae","Acroporidae","spawner","Least Concern",20,3,540.535,48826886.025,251.49,1.2,0.8,43.9858901165389,1.45152435897436,2.82833,2.5275,320.788211137367,12344.7608568029,7.61696168213104,7.23996708571429,79.287,41.0935005733,6.22,338,35.14
"191","Montipora hirsuta","Hexacorallia","branching_open","common","NT",0.168,335714.580792685,6228246,71419,"Acroporidae","Acroporidae",NA,"Near Threatened",15,0,314.135,8825659.184,96.3133333333333,0.5,0.4,21.2049183494624,1.3671,2.80617,1.144,379.963343719143,22071.3374099209,9.67599127907462,8.87654974285714,85.89,43.8278243761,6.07,344.3,35.29
"192","Montipora hispida","Hexacorallia","encrusting_long_uprights","common","LC",0.349,697407.075575281,66419128,216088,"Acroporidae","Acroporidae","spawner","Least Concern",30,1,485.065166666667,55976241.295,238.06,1.4,0.9,35.6446486817563,1.46250745525561,2.83134,2.693,381.230023844925,25773.6922143271,8.32716914124435,10.0033879714286,92.171,46.1933099667,6.27,331,34.93
"193","Montipora hodgsoni","Hexacorallia","laminar","uncommon","VU",0.241,481590.559351412,6665969,89985,"Acroporidae","Acroporidae",NA,"Vulnerable",20,1,320.296,9525143.0255,110.91,0.6,0.5,37.5016242480131,1.423625,2.80609,0.953000000000001,356.654435869778,15505.3704833501,7.93870745063773,9.20865974285714,82.774,41.0938968566,6.06,345.7,35.56
"194","Montipora hoffmeisteri","Hexacorallia","encrusting","common","LC",0.151,301743.462498187,42363191,191778,"Acroporidae","Acroporidae","spawner","Least Concern",40,2,304.457,43631567.115,108.233333333333,1.1,0.8,36.195634610332,1.42495,2.8073,1.377,369.975659913593,18302.7021505572,6.6653148888002,9.77005974285714,82.464,42.1884469676,6.06,345.7,35.56
"195","Montipora incrassata","Hexacorallia","encrusting","uncommon","NT",0.017,33971.1182944979,43665371,179338,"Acroporidae","Acroporidae",NA,"Near Threatened",30,1,535.601666666667,39414734.88,314.183333333333,1.4,1,46.8636905184377,1.44347205128205,2.82365,2.1485,336.718376825251,14233.0903788538,6.98270383036048,7.37942797142857,84.296,42.8378252513,6.22,338,35.14
"196","Montipora informis","Hexacorallia","massive","common","LC",0.45,899235.484266122,66603810,237515,"Acroporidae","Acroporidae","spawner","Least Concern",15,1.5,320.550166666667,61763138.265,290.951666666667,1.3,1.2,39.4356046543352,1.57275,2.8188,1.652,338.129238155084,14817.5343330762,6.2155341657401,9.16297505714285,83.484,40.6992169552,6.19,342.2,35.41
"197","Montipora malampaya","Hexacorallia","digitate","uncommon","VU",1.488,2973472.00130664,6263557,71399,"Acroporidae","Acroporidae","spawner","Vulnerable",15,0,316.3595,7255218.2715,83.05,0.7,0.6,34.1363095813464,1.4058,2.80608,1.014,337.161829628966,16062.732662302,7.06301026464965,9.30281885714286,81.274,41.496286684,6.06,345.7,35.56
"198","Montipora meandrina","Hexacorallia","encrusting","common","VU",0.025,49957.5269036734,7984131,71341,"Acroporidae","Acroporidae",NA,"Vulnerable",50,7,320.499,7650729.648,20,0.9,0.7,33.9985379146798,1.412,2.80608,1.044,335.136686328261,16062.732662302,7.06301026464965,8.83000974285714,82.609,41.0188172758,6.06,345.7,35.56
"199","Montipora millepora","Hexacorallia","encrusting","common","LC",0.038,75935.4408935836,60518933,225240,"Acroporidae","Acroporidae",NA,"Least Concern",47.5,10,303.678,55313475.315,102.536666666667,0.6,0.5,32.3638359436653,1.453,2.80685,1.275,355.93556374038,15706.5696773403,8.19913418669095,9.22223974285714,84.874,40.9738789564,6.12,340.1,35.32
"200","Montipora monasteriata","Hexacorallia","laminar","common","LC",0.783,1564669.74262305,61031572,228983,"Acroporidae","Acroporidae","spawner","Least Concern",40,1,343.7735,58314531.625,159.843333333333,1.1,0.7,33.7783920289855,1.47814166666667,2.81111,1.301,368.990537528692,16881.2052671586,7.42760769512415,8.90163062857143,86.733,41.46354323,6.17,340.1,35.32
"201","Montipora nodosa","Hexacorallia","massive","uncommon","NT",0.227,453614.344285355,48277382,206726,"Acroporidae","Acroporidae",NA,"Near Threatened",30,1,370.145,41875574.405,177.253333333333,1.3,0.8,50.1763977307692,1.44401666666667,2.81344,1.525,370.745492156448,18045.9447510898,6.71740023601084,10.9631506285714,81.593,42.1884469676,6.06,345.7,35.56
"202","Montipora peltiformis","Hexacorallia","submassive","uncommon","NT",0.334,667432.559433077,65971347,210399,"Acroporidae","Acroporidae","spawner","Near Threatened",30,1,312.992,55109994.53,70.0933333333333,0.9,0.7,29.815017345564,1.4164,2.80688,1.059,356.936567991315,15898.3817251842,7.06301026464965,9.27303062857143,85.211,40.9004236344,6.09,343.6,35.32
"203","Montipora samarensis","Hexacorallia","branching_open","uncommon","VU",0.148,295748.559269747,25224241,129905,"Acroporidae","Acroporidae","spawner","Vulnerable",15,0,320.296,22376463.79,111.17,0.7,0.5,37.5016242480131,1.423625,2.80609,0.953000000000001,356.654435869778,15505.3704833501,7.93870745063773,9.20865974285714,82.774,41.0938968566,6.06,345.7,35.56
"204","Montipora spongodes","Hexacorallia","encrusting","common","LC",0.243,485587.161503706,54837264,207121,"Acroporidae","Acroporidae",NA,"Least Concern",22.5,1,411.85,48870615.27,199.923333333333,1.2,0.9,44.7244192971015,1.45753333333333,2.81969,1.4145,386.364765286513,18788.8056933276,6.90675422301772,8.84729531428571,80.123,46.2850811178,6.14,341.5,35.14
"205","Montipora spumosa","Hexacorallia","encrusting","common","LC",0.279,557526.000244995,65697163,231970,"Acroporidae","Acroporidae","spawner","Least Concern",30,0.5,342.7,58746324.995,91.3166666666667,0.9,0.7,30.8678624949868,1.5505,2.81194,1.248,325.561219624269,14606.1777878316,6.69841283417515,9.23039062857143,86.368,39.9656867131,6.07,345.7,35.56
"206","Montipora stellata","Hexacorallia","digitate","common","LC",0.361,721386.688489044,21636389,173520,"Acroporidae","Acroporidae","spawner","Least Concern",20,0,326.607,25246887.58,91.9566666666667,0.9,0.6,32.6245387480131,1.4203,2.80601,1.077,358.53478932229,17363.5513018382,7.06301026464965,9.33140885714286,83.534,41.8386675613,6.06,345.7,35.56
"207","Montipora tuberculosa","Hexacorallia","massive","common","LC",1.225,2447918.81828,81911149,244079,"Acroporidae","Acroporidae","spawner","Least Concern",32.5,0.75,350,72522189.75,267.856666666667,1,0.6,41.3417427547021,1.45840217948718,2.82663,2.0955,416.529515136648,20642.6129234449,8.27020693573728,6.39024974285715,104.321,40.2176059819,6.21,336.6,35.23
"208","Montipora turgescens","Hexacorallia","massive","common","LC",0.169,337712.881868832,74532330,237810,"Acroporidae","Acroporidae","spawner","Least Concern",30,0,313.025166666667,66126512.035,102.125,1,0.8,24.1642250685654,1.46603333333333,2.80671,1.162,330.960008135138,16176.6731728012,6.92574162485341,9.22913328571428,83.21,38.1059551041,6.09,343.6,35.32
"209","Montipora undata","Hexacorallia","laminar","uncommon","NT",0.084,167857.290396343,51967376,207589,"Acroporidae","Acroporidae",NA,"Near Threatened",30,2,371.485,45515877.975,241.755,1.2,0.8,32.7671320473477,1.42636666666667,2.81916,1.521,367.719344604808,18110.2371739753,7.1150956118603,8.66408974285714,84.77,42.9543857357,6.1,345.7,35.53
"210","Montipora venosa","Hexacorallia","massive","uncommon","NT",0.15,299745.16142204,68259852,241900,"Acroporidae","Acroporidae","spawner","Near Threatened",30,1,463.578333333333,64826184.455,317.94,1.8,1.2,16.5852326236845,1.53343642486059,2.83144,2.2515,299.059807174603,12565.0035521997,8.56860847546188,7.0443086,73.39,38.4300201523,6.25,335.2,35.02
"211","Montipora verrucosa","Hexacorallia","laminar","uncommon","LC",0.096,191836.903310106,82204377,244963,"Acroporidae","Acroporidae","spawner","Least Concern",37.5,1,281.680166666667,73251679.915,681.816666666667,1.4,0.8,7.43192307692308,1.67834616114825,2.82546,1.877,360.268006675378,18741.474492043,5.3778117834234,14.1621212571429,126.302,32.7983742126,6.16,344.3,35.53
"212","Montipora vietnamensis","Hexacorallia","digitate","uncommon","VU",0.256,511565.075493616,7393691,76237,"Acroporidae","Acroporidae",NA,"Vulnerable",15,1,320.296,10930594.6325,110.91,0.7,0.5,37.5016242480131,1.423625,2.80609,0.953000000000001,356.654435869778,15505.3704833501,7.93870745063773,9.20865974285714,82.774,41.0938968566,6.06,345.7,35.56
"213","Mycedium elephantotus","Hexacorallia","laminar","common","LC",0.121,241794.430213779,62663363,235384,"Merulinidae","Pectiniidae","spawner","Least Concern",45,3,388.5,60107007.975,300,10,7.5,10.7883729285714,1.55159771166587,2.81948,1.857,327.720896953546,15861.6821785209,6.16832567682588,23.7988524,48.555,38.2724775464,6.05,344.3,35.32
"214","Mycedium mancaoi","Hexacorallia","laminar","uncommon","LC",0.11,219813.118376163,36185909,168305,"Merulinidae","Pectiniidae",NA,"Least Concern",NA,NA,331.92,33368592.305,86.7966666666667,7.2,3.8,4.80548035714286,1.566,2.81497,1.759,320.043150911534,15649.7661496697,5.92688634260836,25.9043497428572,29.835,37.0069233729,5.92,354.8,35.98
"215","Mycedium robokaki","Hexacorallia","laminar","common","LC",0.197,393665.312000947,6137336,85149,"Merulinidae","Pectiniidae",NA,"Least Concern",NA,NA,317.973333333333,10813954.188,58.44,7.2,3.8,4.81535107142858,1.664325,2.81489,1.7865,299.475197604359,14860.6889879808,5.92688634260836,26.1872324,31.261,34.1328524981,5.85,359,36.25
"216","Oulophyllia bennettae","Hexacorallia","massive","uncommon","NT",0.1,199830.107614694,42050228,194291,"Merulinidae","Faviidae","spawner","Near Threatened",30,1,334.25,40092431.195,60.14,17.4,12.8,2.31613,1.691425,2.81463,1.7965,300.648666706736,14860.6889879808,5.92688634260836,26.1872324,45.689,34.1328524981,5.85,359,36.25
"217","Oulophyllia crispa","Hexacorallia","massive","uncommon","NT",0.102,203826.709766988,61271890,226214,"Merulinidae","Faviidae","spawner","Near Threatened",40,2,368.996666666667,58792407.795,100,11.6,7,3.59376680952381,1.7006370899984,2.81846,1.9755,313.790369304249,14587.2425309556,6.16832567682588,26.2071024,48.133,34.1928614482,5.88,356.9,36.13
"218","Oxypora glabra","Hexacorallia","laminar","common","LC",0.114,227806.322680751,23608698,156508,"Lobophyllidae","Pectiniidae","spawner","Least Concern",40,3,337.901666666667,25292588.33,77.5366666666667,7.5,5,4.69593392857143,1.659575,2.81797,1.8505,310.524466296388,15241.1479690332,5.978971689819,26.1872324,31.261,34.1328524981,5.85,359,36.25
"219","Oxypora lacera","Hexacorallia","laminar","common","LC",0.117,233801.225909192,62933870,232046,"Lobophyllidae","Pectiniidae","spawner","Least Concern",30,3,350.79,59487029.75,116.823333333333,8.8,6.1,1.90881892857143,1.6104,2.81769,1.827,313.004060642909,14387.1637293151,5.978971689819,25.0800106285714,32.618,36.5134171657,5.92,354.8,35.98
"220","Pachyseris rugosa","Hexacorallia","laminar","common","VU",0.218,435629.634600032,48344950,219702,"Pachyseridae","Agariciidae","spawner","Vulnerable",20,4,339,46648887.745,633.333333333333,4.8,2.2,8.11014361136713,1.63865833333333,2.82065,1.9425,314.938825720985,14554.1448956483,4.44515239192825,20.7390368285714,48.558,34.915805999,6.05,349.9,35.77
"221","Pachyseris speciosa","Hexacorallia","laminar","common","LC",0.279,557526.000244995,65161047,233426,"Pachyseridae","Agariciidae","spawner","Least Concern",56,22.5,341,62953882.56,2,4.6,2.4,4.97575817546969,1.5987620899984,2.81763,1.871,313.004060642909,14347.9206096857,5.978971689819,25.0800106285714,35.326,36.7405882447,6.05,347.1,35.65
"222","Pavona bipartita","Hexacorallia","submassive","uncommon","VU",0.513,1025128.45206338,52285020,175125,"Agariciidae","Agariciidae",NA,"Vulnerable",20,3,328.546666666667,46018272.24,100,3.1,1.9,8.10360501612903,1.50508333333333,2.81438,1.654,346.087391972993,14902.0602636105,5.92688634260836,16.7281050571429,56.109,39.2132472259,6.06,345.7,35.56
"223","Pavona cactus","Hexacorallia","digitate","common","VU",0.027,53954.1290559673,65458589,239950,"Agariciidae","Agariciidae","spawner","Vulnerable",19,2,258.731666666667,63144649.51,1000,1.4,1,0.1175,1.73439011614905,2.82281,1.839,285.811205984787,13330.2315727058,4.30788375213201,13.6968692285714,140.538,33.0906855061,6.09,345.7,35.74
"224","Pavona clavus","Hexacorallia","columnar","common","LC",0.072,143877.677482579,78989135,236612,"Agariciidae","Agariciidae","spawner","Least Concern",25,2,333.435,70339476.655,2000,3.4,1.7,14.2064516129032,1.665,2.82651,2.325,295.592455134764,13521.4151923546,5.42989713063404,11.7292454285714,132.564,31.3964421774,6.16,344.3,35.53
"225","Pavona decussata","Hexacorallia","digitate","common","VU",0.149,297746.860345894,67614947,240383,"Agariciidae","Agariciidae",NA,"Vulnerable",12.3333333333333,2,100,64093455.395,20,3.5,1.9,8.23227867841601,1.80586364781811,2.81638,1.6115,295.518883435054,13954.0626155548,5.92688634260836,15.3365203714286,83.576,32.0635428742,6.07,344.3,35.56
"226","Pavona explanulata","Hexacorallia","laminar","common","LC",0.09,179847.096853224,77184805,242197,"Agariciidae","Agariciidae",NA,"Least Concern",22.5,11.5,437.673333333333,71912840.41,526.906666666667,3,2.3,15.5144852770021,1.60575819307212,2.83549,2.7735,326.365950742295,17082.6328902081,8.42646297736921,12.3451586,84.654,36.8927410982,6.25,336.6,35.11
"227","Pavona maldivensis","Hexacorallia","columnar","common","LC",0.135,269770.645279836,105646230,240836,"Agariciidae","Agariciidae",NA,"Least Concern",44,32.3333333333333,255.165666666667,85758891.52,30,4.1,2.9,12.05,1.63265155781971,2.8175,1.773,365.580069606841,20935.3663660985,6.63221694342524,20.6627486,61.861,33.1436190897,6.12,344.3,35.56
"228","Pavona minuta","Hexacorallia","submassive","uncommon","NT",0.04,79932.0430458775,31923647,167836,"Agariciidae","Agariciidae",NA,"Near Threatened",55,NA,306.2535,31422254.5,550,3.3,1.9,27.6656252797516,1.67807042333173,2.82458,1.928,312.067428753039,15795.287622958,4.44515239192825,10.5179812571429,89.788,39.9006111731,6.13,347.8,35.65
"229","Pavona varians","Hexacorallia","encrusting","common","LC",0.246,491582.064732146,99989137,246201,"Agariciidae","Agariciidae","spawner","Least Concern",50,1.33333333333333,292.745166666667,85939689.7,568.873333333333,9.3,4.7,3.4,1.965,2.8208,2.1375,359.525755073803,18198.7114882429,5.15048299274514,23.2613750571429,84.1079999999999,30.2541544217,5.96,354.8,35.95
"230","Pavona venosa","Hexacorallia","encrusting","common","VU",0.189,377678.903391771,57389915,228288,"Agariciidae","Agariciidae",NA,"Vulnerable",11,2,342.771666666667,53701657.33,84.4583333333333,9.3,5.2,2.12437178571429,1.7099560449992,2.81786,1.862,317.693940989675,14517.3709938804,5.978971689819,25.4109824,61.969,33.5915439717,5.89,356.9,36.1
"231","Pectinia lactuca","Hexacorallia","encrusting","common","VU",0.106,211819.914071575,49404257,206510,"Merulinidae","Pectiniidae","spawner","Vulnerable",17.5,6,357.186666666667,44498126.925,100,30,27.5,2.02292202380952,1.7051560449992,2.81823,1.9175,313.59486401594,14462.8136655282,5.978971689819,26.1872324,56.4159999999999,33.4179494821,5.85,359,36.25
"232","Pectinia paeonia","Hexacorallia","laminar","common","NT",0.054,107908.258111935,40555608,197098,"Merulinidae","Pectiniidae","spawner","Near Threatened",22.5,6,350,40182144.345,100,35,30,2.02092202380952,1.671275,2.81754,1.8895,310.524466296388,15241.1479690332,5.978971689819,26.1872324,31.7660000000001,34.1328524981,5.85,359,36.25
"233","Platygyra daedalea","Hexacorallia","massive","common","LC",0.115,229804.623756898,68843454,242827,"Merulinidae","Faviidae","spawner","Least Concern",30,4.5,387.666666666667,67556059.435,184.726666666667,10,5.8,5.52464958791209,1.6259681349976,2.81753,1.8685,312.012871200313,14419.7073424052,6.73638763784653,25.3696732857143,50.695,31.0916044097,5.96,350.6,35.71
"234","Platygyra lamellina","Hexacorallia","massive","uncommon","NT",0.127,253784.236670661,58952051,230779,"Merulinidae","Faviidae","spawner","Near Threatened",30,1,415,58219641.925,115.47,9.1,8.1,7.33620381868131,1.6783370899984,2.8181,2.133,305.043689902884,13382.3264720785,6.16832567682588,26.3251697428572,41.247,35.03128937,5.94,351.3,35.77
"235","Platygyra pini","Hexacorallia","massive","common","LC",0.094,187840.301157812,52161363,213366,"Merulinidae","Faviidae","spawner","Least Concern",30,0,441,51938109.73,136.248333333333,7.2,4.7,7.01945589743589,1.6765370899984,2.81984,2.2895,294.078432907459,11393.2977105585,6.16832567682588,27.8359106285715,22.319,34.1456558642,5.91,353.4,35.89
"236","Platygyra ryukyuensis","Hexacorallia","massive","uncommon","NT",0.055,109906.559188082,45397744,191154,"Merulinidae","Faviidae","spawner","Near Threatened",30,2,323.543333333333,42360503.045,123.806666666667,3.3,1.6,8.63277801612903,1.48045,2.81388,1.629,353.529871198004,17178.4748420438,6.29148377308286,15.9319850571429,61.638,39.9368498672,6.06,345.7,35.56
"237","Platygyra sinensis","Hexacorallia","massive","uncommon","LC",0.096,191836.903310106,70520299,242218,"Merulinidae","Faviidae","spawner","Least Concern",30,0,411.5,66475412.205,294.773333333333,6.7,3.3,8.36666666666667,1.44599884615385,2.84307,3.376,473.953625083597,32560.5692073883,11.5792848657363,24.1066679714286,4.1,39.5739968413,6.5,310,34
"238","Platygyra verweyi","Hexacorallia","massive","uncommon","NT",0.03,59949.0322844081,16777756,145465,"Merulinidae","Faviidae",NA,"Near Threatened",20,1,319.508333333333,19895534.31,68.63,4.7,2.8,5.26451464285715,1.62640833333333,2.81489,1.8345,300.455086486218,14860.6889879808,5.978971689819,26.1872324,31.731,34.1328524981,5.95,356.2,36.07
"239","Plerogyra sinuosa","Hexacorallia","massive","common","NT",0.03,59949.0322844081,64559123,234211,"Plesiastreidae","Euphyllidae",NA,"Near Threatened",30,2.5,391.431666666667,60925952.805,100,30,15,5.07602478571429,1.6134620899984,2.81829,1.884,310.505374741281,14387.1637293151,6.16832567682588,25.0800106285714,32.62,36.5134171657,5.96,350.6,35.71
"240","Plesiastrea versipora","Hexacorallia","massive","uncommon","LC",0.051,101913.354883494,82016455,243883,"Plesiastreidae","Faviidae","spawner","Least Concern",30,13.3333333333333,307.246333333333,74491653.46,233.333333333333,4.6,2.9,4.1375,1.55228333333333,2.81856,1.736,381.047894508361,22601.7159999455,7.3093264571636,22.5891624,62.92,37.3435762506,6.17,343.6,35.5
"241","Pocillopora damicornis","Hexacorallia","branching_closed","common","LC",0.168,335714.580792685,105600013,246233,"Pocilloporidae","Pocilloporidae",NA,"Least Concern",25.2857142857143,4,116,88880159.175,200,1,0.8,28.9644565217391,1.92666666666667,2.81743,0.9,383.071010765303,23942.3441292434,8.49265886811911,8.26218948571428,132.695,37.5351516413,6.19,338.7,35.35
"242","Pocillopora eydouxi","Hexacorallia","branching_open","common","NT",0.729,1456761.48451112,95030081,240146,"Pocilloporidae","Pocilloporidae","spawner","Near Threatened",20,2,136,82563698.795,100,1,0.8,37.05,1.65968166666667,2.81279,1.3645,356.943498486853,19438.1574416537,7.00604805914258,9.38679771428571,104.663,35.5886776468,6.12,344.3,35.56
"243","Pocillopora meandrina","Hexacorallia","branching_closed","common","LC",0.905,1808462.47391298,80189143,212495,"Pocilloporidae","Pocilloporidae","spawner","Least Concern",27,1,324.0525,64143723.07,100,0.7,0.6,20.483,1.42,2.80771,1.07,325.48248253159,14640.1828551326,7.06301026464965,8.3226124,86.686,37.9945872394,6.17,340.1,35.32
"244","Pocillopora verrucosa","Hexacorallia","branching_closed","common","LC",1.506,3009441.42067729,105847101,246456,"Pocilloporidae","Pocilloporidae","spawner","Least Concern",37.25,1,93.85,87127475.1,50,0.7,0.3,28.9466666666667,1.65503166666667,2.81068,0.4,371.077567104015,21434.7740049094,8.53986735703333,8.1164186,115.903,37.6207640044,6.15,342.2,35.44
"245","Pocillopora woodjonesi","Hexacorallia","branching_open","uncommon","LC",0.102,203826.709766988,43962972,197014,"Pocilloporidae","Pocilloporidae",NA,"Least Concern",26,2,306.8855,42554957.915,100.823333333333,1.1,0.6,36.5386238784479,1.3562,2.80186,1.123,378.211504406647,22103.3406762015,8.43569666261205,8.96686797142857,86.186,43.6526056277,6.06,345.7,35.56
"246","Podabacia crustacea","Hexacorallia","encrusting","common","LC",0.025,49957.5269036734,62789839,234730,"Fungiidae","Fungiidae",NA,"Least Concern",35,3,336.756666666667,58248320.125,150,3,1.9,7.10100184213636,1.5092,2.81477,1.686,348.413167627687,15861.6821785209,5.92688634260836,15.9852850571429,61.704,39.5020515138,6.09,343.6,35.32
"247","Podabacia motuporensis","Hexacorallia","encrusting","uncommon","NT",0.062,123894.66672111,45324207,186987,"Fungiidae","Fungiidae",NA,"Near Threatened",20,5,326.813333333333,40374133.445,103.57,2.8,2.3,8.19298294470046,1.51753333333333,2.81454,1.778,338.707761894525,15649.7661496697,5.92688634260836,20.8514232857143,41.405,38.6388871677,6.06,345.7,35.56
"248","Polyphyllia talpina","Hexacorallia","massive","common","LC",0.018,35969.4193706449,49248238,205957,"Fungiidae","Fungiidae",NA,"Least Concern",30,1,324.015,46194025.315,45.64,33.0869166666667,23.445,2.22561321428572,1.7256060449992,2.81455,1.8195,313.466649332409,14423.5705458988,5.978971689819,25.7736624,55.9109999999999,33.6451205611,5.89,356.9,36.1
"249","Porites annae","Hexacorallia","digitate","common","NT",0.214,427636.430295445,35214232,189637,"Poritidae","Poritidae","spawner","Near Threatened",30,0.5,279,35919861.375,147.151666666667,1.1,1,44.5721198059841,1.23,2.80127,1.2315,411.846075494237,26446.7353191202,8.35051337002645,8.62093974285714,88.786,44.7734550665,6.09,335.2,35.32
"250","Porites attenuata","Hexacorallia","branching_closed","common","VU",0.671,1340860.02209459,24741269,127579,"Poritidae","Poritidae",NA,"Vulnerable",20,2,410.601666666667,23427019.495,261.016666666667,2.1,1.6,43.642334410706,1.49561666666667,2.82248,1.829,412.245122094364,20054.2252799308,5.90789894077267,9.87336885714285,69.464,47.9343861271,6.19,338,35.08
"251","Porites horizontalata","Hexacorallia","digitate","uncommon","VU",0.41,819303.441220244,35388978,138126,"Poritidae","Poritidae",NA,"Vulnerable",20,5,466.371666666667,28839790.75,248.64,1.7,1.1,43.6561945323336,1.47571666666667,2.82208,2.012,420.664973810788,19390.6038841172,6.27249637124717,9.89527797142857,69.481,47.8618473836,6.19,338,35.08
"252","Porites latistella","Hexacorallia","digitate","uncommon","LC",0.19,379677.204467918,42849223,147197,"Poritidae","Poritidae",NA,"Least Concern",20,1,440.785,38412408.995,443.883333333333,1.4,0.9,73.5175479447836,1.48471666666667,2.82541,2.1345,398.949502058846,20578.4760505239,4.98011640757394,9.93993708571428,83.794,45.7954168442,6.19,338,35.08
"253","Porites lichen","Hexacorallia","laminar","common","LC",1.337,2671728.53880845,97707217,237144,"Poritidae","Poritidae",NA,"Least Concern",40,15,357.935333333333,86777862.15,1028.14,1.4,1.3,16.3,1.58631151434938,2.84897,3.636,488.990429632719,38666.0605148486,9.59568484478545,9.13276657142857,149.234,37.3368703172,6.22,332.4,35.11
"254","Porites nigrescens","Hexacorallia","branching_closed","uncommon","VU",0.719,1436778.47374965,55805993,226520,"Poritidae","Poritidae",NA,"Vulnerable",15,1.25,312.245,52685304.115,94.4,1.6,1.4,17.8,1.47315,2.81397,1.585,353.613981640786,16363.733721955,6.29148377308286,11.3978977142857,67.441,40.0780358308,6.06,345.7,35.56
"255","Porites rugosa","Hexacorallia","branching_closed","uncommon","VU",1.603,3203276.62506354,4948804,68903,"Poritidae","Poritidae",NA,"Vulnerable",15,3,317.277,8286167.8075,100,0.9,0.7,34.6964834146798,1.4024,2.80608,1.092,335.136686328261,16062.732662302,7.06301026464965,9.25472974285714,81.274,40.7916461968,6.06,345.7,35.56
"256","Porites rus","Hexacorallia","digitate","common","LC",0.693,1384822.64576983,85048962,231553,"Poritidae","Poritidae","spawner","Least Concern",20,1,267.271166666667,74903428.785,500,0.8,0.6,1.27,1.6993170899984,2.82429,1.9,362.740989822532,18869.7856977612,6.39077760920772,12.6425477142857,112.268,34.4498968967,6.14,345.7,35.74
"257","Porites solida","Hexacorallia","massive","common","LC",0.068,135884.473177992,84878857,241975,"Poritidae","Poritidae","spawner","Least Concern",14.5,0.75,461.306666666667,76019374.465,485.9,1.6,1.3,7.2,1.194,2.84809,6.55,613.205850017427,50398.674305648,11.7637619944468,12.6653024,89.447,41.7546676915,6.28,326.1,34.72
"258","Porites tuberculosa","Hexacorallia","branching_closed","uncommon","VU",0.819,1636608.58136434,6519344,85975,"Poritidae","Poritidae",NA,"Vulnerable",20,1,381.877,8211122.322,213.286666666667,1.1,0.7,43.7145354637681,1.39945,2.81418,1.322,337.737982905124,16184.3252246838,7.14819355723525,7.72546974285714,85.916,40.9652406864,6.14,341.5,35.14
"259","Porites vaughani","Hexacorallia","encrusting","uncommon","LC",0.613,1224958.55967807,42673560,200257,"Poritidae","Poritidae",NA,"Least Concern",40,1,310.713,44158265.635,20,0.8,0.6,32.0167300813464,1.4192,2.80557,0.993000000000001,337.161829628966,16360.842200602,7.06301026464965,8.90427885714286,83.369,42.0658386403,6.06,345.7,35.56
"260","Psammocora digitata","Hexacorallia","columnar","common","NT",0.075,149872.58071102,62785261,214674,"Psammocoridae","Siderastreidae",NA,"Near Threatened",20,1,316.84,56833826.775,6.5,2.3,1.8,7.73920258791209,1.5151,2.81301,1.625,347.774165204986,15822.4390588915,5.92688634260836,15.5581550571429,63.844,39.7292225928,6.09,343.6,35.32
"261","Psammocora profundacella","Hexacorallia","encrusting","common","LC",0.048,95918.451655053,106091998,238897,"Psammocoridae","Siderastreidae","spawner","Least Concern",33.3333333333333,1.33333333333333,481.361666666667,68134656.775,351.916666666667,2.5,1.8,45.3858551700901,1.46238873730689,2.84473,3.4295,544.617748322997,40466.3073551292,10.5804295834912,8.16478885714285,114.821,45.4537201162,6.28,326.1,34.72
"262","Sandalolitha robusta","Hexacorallia","massive","common","LC",0.053,105909.957035788,50751956,207415,"Fungiidae","Fungiidae","spawner","Least Concern",21,1,321.45,48010876.36,50,4.6,3.9,4.29714728571429,1.59426437833253,2.81439,1.756,313.237749041434,14254.120161704,5.92688634260836,25.4907797428572,29.604,36.5669937551,5.94,355.5,35.98
"263","Scapophyllia cylindrica","Hexacorallia","columnar","uncommon","LC",0.033,65943.9355128489,37829329,189486,"Merulinidae","Merulinidae","spawner","Least Concern",25,2,330.175,37333716.13,84.615,3.8,2.9,4.3861085,1.52233333333333,2.81497,1.75,339.881230996902,15649.7661496697,5.92688634260836,20.8514232857143,39.467,38.4117160887,6.04,347.1,35.65
"264","Seriatopora caliendrum","Hexacorallia","branching_closed","uncommon","NT",0.054,107908.258111935,54567760,229041,"Pocilloporidae","Pocilloporidae","brooder","Near Threatened",40,1,459.5135,51722224.935,256.3,1.1,0.7,35.3162808974359,1.47184935897436,2.82377,1.706,357.211544771813,14449.2244461112,6.99193751560332,8.2155462,78.595,42.9077618022,6.19,341.5,35.14
"265","Seriatopora hystrix","Hexacorallia","branching_closed","common","LC",0.412,823300.043372538,63365067,232594,"Pocilloporidae","Pocilloporidae","brooder","Least Concern",36.6666666666667,1.5,140,57114396.93,297.621666666667,0.8,0.6,19.4,2.2,2.81891,1.509,300.446349496909,13671.653507959,7.06301026464965,10.3788321428571,112.605,35.2456537637,6.16,344.3,35.53
"266","Stylocoeniella armata","Hexacorallia","encrusting","common","LC",0.019,37967.7204467918,58384864,217438,"Pocilloporidae","Astrocoeniidae",NA,"Least Concern",26,1.5,321.371666666667,55528344.635,274.085,2.3,1.3,16.3791374234905,1.52220769230769,2.82074,1.655,361.098147462279,14780.4677012287,5.92688634260836,8.6055286,71.482,40.2175975356,6.21,340.1,35.29
"267","Stylocoeniella cocosensis","Hexacorallia","encrusting","rare","VU",0.01,19983.0107614694,5452772,68861,"Pocilloporidae","Astrocoeniidae",NA,"Vulnerable",10,2,316.3595,7179964.3425,83.05,0.7,0.6,34.1363095813464,1.4058,2.80608,1.014,337.161829628966,16062.732662302,7.06301026464965,9.30281885714286,81.274,41.496286684,6.06,345.7,35.56
"268","Stylocoeniella guentheri","Hexacorallia","digitate","common","LC",0.024,47959.2258275265,67241384,237640,"Pocilloporidae","Astrocoeniidae",NA,"Least Concern",48.75,16.6666666666667,304.0055,64595910.44,50,1.1,1,18.0376843037975,1.53215155781971,2.81053,1.153,293.624419643131,13493.0343993633,6.76948558322148,8.03291948571428,78.142,35.4359280581,6.06,345.7,35.56
"269","Stylophora pistillata","Hexacorallia","branching_closed","common","NT",0.433,865264.365971624,69104066,240093,"Pocilloporidae","Pocilloporidae","brooder","Near Threatened",45,10.6666666666667,395.065,67348187.645,1025.04833333333,1.4,0.9,16.6277552436364,1.70310449992,2.83604,2.182,123.268118051381,4818.46393939394,9.32114756519298,0.767088571428571,360,10.07859514,6.21,338,35.11
"270","Symphyllia agaricia","Hexacorallia","massive","common","LC",0.067,133886.172101845,56109548,229070,"Lobophyllidae","Mussidae",NA,"Least Concern",40,2,366.07,53559558.525,70.92,33.5,20,2.94059107142857,1.7301870899984,2.81838,1.9825,310.120730690688,14395.7784314987,5.978971689819,26.2071024,57.8,33.3043639426,5.85,359,36.25
"271","Symphyllia radians","Hexacorallia","massive","common","LC",0.121,241794.430213779,47597863,219322,"Lobophyllidae","Mussidae","spawner","Least Concern",40,0,358.533333333333,46384133.355,101.41,35,25,1.97516702380952,1.7051560449992,2.81823,1.9175,313.59486401594,14462.8136655282,5.978971689819,26.1872324,56.4159999999999,33.4179494821,5.85,359,36.25
"272","Symphyllia recta","Hexacorallia","massive","common","LC",0.083,165858.989320196,58323883,212136,"Lobophyllidae","Mussidae","spawner","Least Concern",40,0,325.61,51655363.365,58.49,15,9,2.5277925,1.7358060449992,2.81448,1.8335,316.520471887298,14462.8136655282,5.978971689819,26.1872324,56.3929999999999,33.4179494821,5.85,359,36.25
"273","Symphyllia valenciennesii","Hexacorallia","encrusting","common","LC",0.035,69940.5376651428,58058952,228279,"Lobophyllidae","Mussidae",NA,"Least Concern",40,2,331.93,55006164.78,67.2266666666667,35,30,2.18364964285715,1.7307060449992,2.8147,1.778,316.520471887298,14517.3709938804,5.92688634260836,25.4109824,62.063,33.5915439717,5.92,354.8,35.98
"274","Turbinaria frondens","Hexacorallia","laminar","common","LC",0.2,399660.215229387,60112674,227637,"Dendrophylliidae","Dendrophylliidae","spawner","Least Concern",20,7,414.818333333333,57131446.49,400,1.1,0.9,14,1.64941447512341,2.82868,1.7095,312.41423634273,14120.9571256386,6.05004443886533,10.1035703714286,82.769,37.5835506957,6.23,338,35.14
"275","Turbinaria reniformis","Hexacorallia","laminar","uncommon","VU",0.247,493580.365808293,70086078,240553,"Dendrophylliidae","Dendrophylliidae","spawner","Vulnerable",37.5,2,446.3785,67106782.97,500,4.2,2.8,32.0503600986693,1.56031963474279,2.84663,3.4135,490.294905486161,37773.3005723423,9.78503883179234,17.2554906285714,78.874,42.9483294465,6.26,328.2,34.84
"276","Turbinaria stellulata","Hexacorallia","massive","uncommon","VU",0.068,135884.473177992,53798051,224233,"Dendrophylliidae","Dendrophylliidae",NA,"Vulnerable",15,2,324.056666666667,52543012.76,126.076666666667,3.3,2.1,8.34660591356493,1.50903333333333,2.8152,1.674,347.774165204986,14956.6175919628,5.92688634260836,16.7281050571429,54.836,38.6988961178,6.06,345.7,35.56
"277","Zoopilus echinatus","Hexacorallia","massive","uncommon","LC",0.15,299745.16142204,25897523,129268,"Fungiidae","Fungiidae",NA,"Least Concern",20,12,329.36,23290376.57,60,20,12.37,4.41726428571429,1.672425,2.81489,1.7865,309.54457741453,15241.1479690332,5.92688634260836,26.1872324,31.261,34.1328524981,5.85,359,36.25
